word	count
that	86440
his	64124
had	44809
be	36750
her	36623
have	32428
my	30136
by	29578
this	26356
there	21422
would	16255
will	15643
been	14795
could	11987
has	10152
can	8625
these	6562
those	6260
house	4612
through	4446
get	3737
got	3295
gone	1952
present	1900
use	1779
read	1720
live	1660
subject	1492
used	1419
close	1149
mouth	927
tears	900
minute	862
wind	801
object	797
ye	721
lives	650
perfect	601
thee	597
houses	590
learned	576
excuse	532
subjects	476
conduct	435
entrance	344
refuse	338
regiment	312
inside	309
progress	307
bow	307
content	303
wound	287
produce	262
discourse	252
hers	243
objects	240
tear	231
absent	222
separate	200
convict	196
contents	193
intimate	191
increase	185
recall	184
suspect	173
presents	149
permit	148
contract	139
insult	136
closer	136
contrast	128
winds	126
mouths	125
compliment	121
affect	119
attribute	117
moderate	116
upset	114
record	112
discharge	109
ragged	106
compliments	104
conflict	103
invite	102
torment	101
desert	100
abuse	100
bows	99
doth	96
proceeds	95
converse	93
invalid	92
curate	91
overhead	91
consists	90
defect	87
torments	85
crooked	83
concert	80
project	76
defects	74
fragments	73
ornament	73
desolate	70
deliberate	68
undertaking	67
discourses	67
console	66
thine	65
incline	65
essays	65
transport	63
uses	62
subordinate	61
abstract	60
reject	60
legitimate	59
escort	59
excuses	59
extract	58
attributes	58
convicts	55
regiments	54
documents	53
consist	52
bass	52
confine	52
ornaments	51
dove	50
fragment	49
augmented	48
document	48
projects	48
estimate	47
overthrow	47
underground	46
appropriate	46
associate	45
yer	44
survey	44
compact	43
advocate	43
exploits	42
overlook	39
elaborate	39
impress	38
incense	37
contest	36
arithmetic	33
relapse	33
digest	33
import	33
records	33
certificate	32
refresh	32
intrigues	32
augment	32
combine	32
convert	30
sow	28
exploit	28
increases	27
wouldst	27
merchandise	27
separates	27
compound	27
deserts	26
contracts	26
excommunicate	26
rebel	24
animate	24
illegitimate	23
permits	23
abuses	23
concerts	23
extracts	23
insults	23
imprint	22
essay	22
precipitate	22
implements	22
interchange	21
transform	21
incarnate	21
degenerate	20
transports	20
inclines	20
intrigue	20
commune	20
associates	19
consort	19
upsetting	19
diffuse	19
alternate	19
articulate	19
axes	18
discharges	18
confines	18
subordinates	18
misconduct	18
recoil	18
suspects	17
construct	17
recalls	17
overflow	17
insert	17
jagged	16
affects	16
warehouse	16
revert	15
consummate	15
entail	15
overturn	14
orient	14
invites	14
conflicts	13
intercept	13
interdict	13
rebels	12
purport	12
arsenic	12
dogged	12
incorporate	11
advocates	11
intimates	11
imports	11
overrun	11
rejects	11
entrances	11
converts	10
duplicate	10
degenerates	10
uphill	10
deviate	9
warehouses	9
decrease	9
counterbalance	9
cleanly	9
consoles	9
relays	8
contests	8
confederate	8
imprints	8
implement	8
impresses	8
contrasts	7
addict	7
relay	7
retard	7
discount	7
implant	7
aggregate	6
reread	6
remit	6
delegate	6
refill	6
conducts	6
conscript	6
unlearned	6
opiate	6
adulterate	6
curates	6
ferment	6
compress	6
situate	6
pontificate	5
relapses	5
implicate	5
overflows	5
invalids	5
overhaul	5
overthrows	5
outgoes	5
regenerate	5
duplicates	5
combines	5
approximate	5
buffet	5
delegates	5
upsets	4
nearby	4
overdose	4
precipitates	4
complement	4
confederates	4
segment	4
misuse	4
decreases	4
isolate	4
conserve	4
surveys	4
interdicts	4
overlap	4
remounts	4
discard	4
compacts	3
obverse	3
pasty	3
entails	3
moped	3
mediate	3
sows	3
augments	3
reprints	3
supplement	3
estimates	3
overlooks	3
depute	3
communes	3
overwork	3
remount	3
certificates	3
overhangs	3
initiate	3
constructs	3
converses	2
compounds	2
ejaculates	2
pigments	2
implants	2
predestinate	2
moderates	2
recoils	2
abstracts	2
compresses	2
perforate	2
affix	2
graduates	2
transplant	2
deviates	2
uptown	2
bombard	2
opiates	2
overcharge	2
overpass	2
invert	2
uplifts	2
uplift	2
graduate	2
implicates	2
overlay	2
excise	2
perfects	1
purports	1
syndicates	1
incenses	1
rewrite	1
overhang	1
discounts	1
predicate	1
override	1
orients	1
radiate	1
lunged	1
overweight	1
indents	1
inebriates	1
enervate	1
inserts	1
consorts	1
offset	1
conscripts	1
pigment	1
digests	1
predicates	1
quadrates	1
interchanges	1
analyses	1
pontificates	1
redirect	1
undulate	1
refund	1
supplements	1
cumulate	1
conjugate	1
transforms	1
buffets	1
deputes	1
recharge	1
saturate	1
overlays	1
reheat	1
segments	1
misprints	1
overload	1
pervert	1
underlay	1
upturns	1
nominate	1
retards	1
refit	1
postulates	1
remake	1
complements	1
progresses	1
overcharges	1
overruns	1
conjugates	1
reverts	1
offsets	1
sophisticates	0
overprint	0
prefetches	0
domesticates	0
resprays	0
undersets	0
rebores	0
rehangs	0
coordinates	0
retake	0
reincarnate	0
oversteers	0
revamps	0
discards	0
regress	0
refits	0
underspends	0
syndicate	0
retest	0
retakes	0
redials	0
restyle	0
quadruplicate	0
interlocks	0
miscount	0
undershoots	0
underspend	0
bifurcate	0
overbid	0
overstudies	0
resit	0
excises	0
overhauls	0
infix	0
rethink	0
reboot	0
misfires	0
rerelease	0
outcastes	0
grown-up	0
trifurcate	0
intergrade	0
overburden	0
unstick	0
could've	0
overstocks	0
replicates	0
reticulate	0
foretokens	0
remoulds	0
overlaps	0
collocates	0
remits	0
restarts	0
mishit	0
collocate	0
saturates	0
misconducts	0
refreshes	0
sophisticate	0
miscounts	0
misplay	0
upturn	0
overturns	0
imbricate	0
triplicate	0
redrafts	0
escorts	0
correlate	0
outgo	0
overrides	0
relets	0
affiliate	0
diagnoses	0
undercounts	0
inlays	0
overuse	0
undershoot	0
undercharges	0
mismatches	0
overstock	0
retests	0
federate	0
postfix	0
alternates	0
ferments	0
legitimates	0
redo	0
oversteer	0
won't	0
quintuplicate	0
restart	0
interlock	0
relet	0
laminates	0
carbonates	0
overcalls	0
prefetch	0
indent	0
interspace	0
explants	0
overshoots	0
agglomerate	0
laminate	0
renunciate	0
rewatch	0
marginate	0
premix	0
quadrate	0
underestimate	0
there's	0
misfire	0
domesticate	0
preloads	0
renunciates	0
underbids	0
interlays	0
agglomerates	0
ejaculate	0
respawns	0
rewrites	0
overdresses	0
segregate	0
replay	0
overstudy	0
intercepts	0
reposts	0
subleases	0
undercharge	0
preload	0
underbid	0
initiates	0
rewinds	0
overdress	0
underestimates	0
rehang	0
aggregates	0
inlay	0
re-counts	0
incurvate	0
overuses	0
transplants	0
attenuate	0
overshoot	0
overman	0
addicts	0
reboots	0
respawn	0
rereads	0
reuse	0
outcaste	0
underset	0
respray	0
reuses	0
remold	0
underuses	0
rebore	0
rerun	0
overdub	0
mishits	0
remolds	0
aspirate	0
inebriate	0
remould	0
overloads	0
reruns	0
affiliates	0
guesstimate	0
merchandises	0
recharges	0
overcall	0
intergrades	0
overdoses	0
refunds	0
undercuts	0
misprint	0
carbonate	0
guesstimates	0
replays	0
conglomerate	0
rewind	0
reprint	0
regifts	0
unsticks	0
overspends	0
conjunct	0
rehashes	0
pustulate	0
re-count	0
mismatch	0
underuse	0
regift	0
overestimate	0
perverts	0
rebids	0
overspend	0
remakes	0
overall	0
cumulates	0
overprints	0
reheats	0
foretoken	0
excommunicates	0
undercut	0
reshuffle	0
interspaces	0
rewatches	0
expatriates	0
isolates	0
correlates	0
bombards	0
replicate	0
overbids	0
couldn't	0
overpasses	0
overburdens	0
overwater	0
refills	0
rebid	0
unpeople	0
foliate	0
overweights	0
segregates	0
misuses	0
restyles	0
underlays	0
infixes	0
overestimates	0
rereleases	0
retread	0
counterbalances	0
conserves	0
triplicates	0
misplays	0
postfixes	0
redraft	0
revamp	0
geminate	0
regresses	0
redial	0
undercount	0
retreads	0
unpeoples	0
redirects	0
interlay	0
coordinate	0
sublease	0
inverts	0
nucleate	0
overworks	0
postulate	0
repost	0
rehash	0
obligate	0
expatriate	0
premixes	0
aspirates	0
affixes	0
illegitimates	0
outreach	0
relaunch	0
seriate	0
rethinks	0
outreaches	0
approximates	0
reshuffles	0
resits	0
conglomerates	0
explant	0
relaunches	0
overdubs	0
