id	homograph	wordid	is_verb	target_word	prev_tok_text	prev_tok_kind	next_tok_text	ast_node_type	ast_parent_type	cmd_elem_index	total_cmd_elems
90	abuse	abuse_nou	0	abuse	sexual	Identifier	by	StringConstantExpressionAst	CommandAst	11	18
91	abuse	abuse_nou	0	abuse	and	Identifier	of	StringConstantExpressionAst	CommandAst	9	16
92	abuse	abuse_nou	0	abuse	substance	Identifier	counselling	StringConstantExpressionAst	CommandAst	10	20
93	abuse	abuse_vrb	1	abuse	to	Identifier	Shiloh	StringConstantExpressionAst	CommandAst	11	14
95	abuse	abuse_nou	0	abuse	an	Identifier	case	StringConstantExpressionAst	CommandAst	9	13
96	abuse	abuse_nou	0	abuse；	emotional	Identifier	withholding	StringConstantExpressionAst	CommandAst	11	20
97	abuse	abuse_nou	0	abuse	drug	Identifier	.	StringConstantExpressionAst	CommandAst	7	9
98	abuse	abuse_nou	0	abuse	and	Identifier	.	StringConstantExpressionAst	CommandAst	11	13
99	abuse	abuse_nou	0	Abuse	Substance	Identifier	,	StringConstantExpressionAst	ArrayLiteralAst	5	12
100	abuse	abuse_vrb	1	abuse	physically	Identifier	her	StringConstantExpressionAst	CommandAst	13	16
101	abuse	abuse_nou	0	abuse	drug	Identifier	,	StringConstantExpressionAst	ArrayLiteralAst	8	18
102	abuse	abuse_nou	0	abuse	sexual	Identifier	counsellor	StringConstantExpressionAst	CommandAst	9	12
103	abuse	abuse_nou	0	abuse	ongoing	Identifier	and	StringConstantExpressionAst	CommandAst	10	15
104	abuse	abuse_vrb	1	abuse	verbally	Identifier	them	StringConstantExpressionAst	CommandAst	9	18
105	abuse	abuse_nou	0	abuse	sex	Identifier	cases	StringConstantExpressionAst	CommandAst	11	16
106	abuse	abuse_nou	0	abuse	Sexual	Identifier	can	StringConstantExpressionAst	CommandAst	2	18
108	abuse	abuse_nou	0	abuse	verbal	Identifier	of	StringConstantExpressionAst	CommandAst	15	20
109	abuse	abuse_nou	0	abuse	smartphone	Identifier	in	StringConstantExpressionAst	CommandAst	7	22
110	abuse	abuse_nou	0	abuse	of	Identifier	from	StringConstantExpressionAst	CommandAst	9	14
111	abuse	abuse_nou	0	abuse	substance	Identifier	,	StringConstantExpressionAst	ArrayLiteralAst	12	18
112	abuse	abuse_nou	0	abuse	verbal	Identifier	.	StringConstantExpressionAst	CommandAst	9	11
113	abuse	abuse_nou	0	abuse	sexual	Identifier	.	StringConstantExpressionAst	CommandAst	12	14
114	abuse	abuse_nou	0	abuse	the	Identifier	of	StringConstantExpressionAst	CommandAst	6	19
115	abuse	abuse_nou	0	abuse	sexual	Identifier	allegations	StringConstantExpressionAst	CommandAst	13	16
116	abuse	abuse_nou	0	abuse	substance	Identifier	as	StringConstantExpressionAst	CommandAst	7	14
117	abuse	abuse_nou	0	abuse	AOD	Identifier	prevention	StringConstantExpressionAst	CommandAst	5	9
118	abuse	abuse_nou	0	abuse	domestic	Identifier	,	StringConstantExpressionAst	ArrayLiteralAst	5	19
119	abuse	abuse_nou	0	abuse	child	Identifier	inquiry	StringConstantExpressionAst	CommandAst	7	10
120	abuse	abuse_nou	0	abuse	His	Identifier	is	StringConstantExpressionAst	CommandAst	2	13
121	abuse	abuse_nou	0	abuse	child	Identifier	survivor	StringConstantExpressionAst	CommandAst	5	17
122	abuse	abuse_nou	0	abuse	drug	Identifier	has	StringConstantExpressionAst	CommandAst	4	20
123	abuse	abuse_nou	0	abuse	Such	Identifier	was	StringConstantExpressionAst	CommandAst	2	9
124	abuse	abuse_nou	0	abuse	and	Identifier	.	StringConstantExpressionAst	CommandAst	19	21
125	abuse	abuse_nou	0	abuse	of	Identifier	,	StringConstantExpressionAst	ArrayLiteralAst	12	20
126	abuse	abuse_vrb	1	abuse	physically	Identifier	her	StringConstantExpressionAst	CommandAst	8	17
127	abuse	abuse_nou	0	abuse	child	Identifier	or	StringConstantExpressionAst	CommandAst	4	20
128	abuse	abuse_nou	0	Abuse	Child	Identifier	.	StringConstantExpressionAst	CommandAst	9	11
129	abuse	abuse_vrb	1	abuse	who	Identifier	the	StringConstantExpressionAst	CommandAst	9	15
130	abuse	abuse_nou	0	abuse	child	Identifier	.	StringConstantExpressionAst	CommandAst	10	12
131	abuse	abuse_nou	0	abuse	child	Identifier	,	StringConstantExpressionAst	ArrayLiteralAst	9	18
132	abuse	abuse_nou	0	abuse	substance	Identifier	across	StringConstantExpressionAst	CommandAst	15	20
133	abuse	abuse_nou	0	abuse	an	Identifier	potential	StringConstantExpressionAst	CommandAst	13	19
134	abuse	abuse_nou	0	abuse	recounts	Identifier	by	StringConstantExpressionAst	CommandAst	5	16
135	abuse	abuse_nou	0	abuse	Child	Identifier	was	StringConstantExpressionAst	CommandAst	2	18
136	abuse	abuse_nou	0	abuse	animal	Identifier	,	StringConstantExpressionAst	ArrayLiteralAst	13	18
137	abuse	abuse_nou	0	abuse	from	Generic	.	StringConstantExpressionAst	CommandAst	13	15
138	abuse	abuse_vrb	1	abuse	to	Identifier	Skye	StringConstantExpressionAst	CommandAst	12	20
139	abuse	abuse_nou	0	abuse	sexual	Identifier	allegations	StringConstantExpressionAst	CommandAst	12	19
140	abuse	abuse_nou	0	abuse	the	Identifier	of	StringConstantExpressionAst	CommandAst	10	18
141	abuse	abuse_nou	0	Abuse	and	Identifier	in	StringConstantExpressionAst	CommandAst	7	11
142	abuse	abuse_nou	0	Abuse	Drug	Identifier	.	StringConstantExpressionAst	CommandAst	11	13
143	abuse	abuse_nou	0	abuse	,	Comma	,	StringConstantExpressionAst	ArrayLiteralAst	6	14
144	abuse	abuse_nou	0	abuse	or	Identifier	.	StringConstantExpressionAst	CommandAst	11	13
145	abuse	abuse_nou	0	abuse	ritual	Identifier	.	StringConstantExpressionAst	CommandAst	11	13
146	abuse	abuse_nou	0	abuse	sexual	Identifier	were	StringConstantExpressionAst	CommandAst	6	10
147	abuse	abuse_nou	0	abuse	child	Identifier	song	StringConstantExpressionAst	CommandAst	12	21
148	abuse	abuse_nou	0	abuse	of	Identifier	throughout	StringConstantExpressionAst	CommandAst	15	22
149	abuse	abuse_nou	0	abuse	and	Identifier	continued	StringConstantExpressionAst	CommandAst	13	16
150	abuse	abuse_nou	0	abuse	sexual	Identifier	.	StringConstantExpressionAst	CommandAst	9	11
151	abuse	abuse_nou	0	abuse	or	Identifier	.	StringConstantExpressionAst	CommandAst	14	16
152	abuse	abuse_nou	0	abuse	physical	Identifier	,	StringConstantExpressionAst	ArrayLiteralAst	8	14
153	abuse	abuse_nou	0	abuse	of	Identifier	.	StringConstantExpressionAst	CommandAst	15	17
154	abuse	abuse_nou	0	abuse	the	Identifier	as	StringConstantExpressionAst	CommandAst	4	19
155	abuse	abuse_nou	0	abuse	his	Identifier	of	StringConstantExpressionAst	CommandAst	16	20
156	abuse	abuse_nou	0	abuse	to	Identifier	of	StringConstantExpressionAst	CommandAst	9	14
157	abuse	abuse_nou	0	abuse	drug	Identifier	problems	StringConstantExpressionAst	CommandAst	11	18
158	abuse	abuse_nou	0	abuse	of	Identifier	.	StringConstantExpressionAst	CommandAst	12	14
159	abuse	abuse_nou	0	abuse	sexual	Identifier	at	StringConstantExpressionAst	CommandAst	16	21
160	abuse	abuse_vrb	1	abuse	and	Identifier	prescription	StringConstantExpressionAst	CommandAst	17	21
161	abuse	abuse_nou	0	abuse	similar	Identifier	must	StringConstantExpressionAst	CommandAst	7	21
162	abuse	abuse_nou	0	Abuse	Ritual	Identifier	and	StringConstantExpressionAst	CommandAst	4	15
163	abuse	abuse_nou	0	abuse	police	Identifier	,	StringConstantExpressionAst	ArrayLiteralAst	11	18
164	abuse	abuse_nou	0	Abuse	the	Identifier	of	StringConstantExpressionAst	CommandAst	8	13
165	abuse	abuse_vrb	1	Abuse	Can	Identifier	Expanding	StringConstantExpressionAst	CommandAst	9	13
166	abuse	abuse_nou	0	abuse	modafinil	Identifier	exist	StringConstantExpressionAst	CommandAst	8	11
167	abuse	abuse_nou	0	abuse	verbal	Identifier	on	StringConstantExpressionAst	CommandAst	12	16
169	abuse	abuse_nou	0	abuse	and	Identifier	of	StringConstantExpressionAst	CommandAst	7	11
170	abuse	abuse_nou	0	abuse	drug	Identifier	,	StringConstantExpressionAst	ArrayLiteralAst	7	12
171	abuse	abuse_nou	0	abuse	of	Identifier	,	StringConstantExpressionAst	ArrayLiteralAst	5	16
172	abuse	abuse_nou	0	abuse	and	Identifier	and	StringConstantExpressionAst	CommandAst	6	16
173	abuse	abuse_nou	0	abuse	habitual	Identifier	.	StringConstantExpressionAst	CommandAst	13	15
174	abuse	abuse_nou	0	abuse	reject	Identifier	and	StringConstantExpressionAst	CommandAst	5	13
175	abuse	abuse_nou	0	abuse	sexual	Identifier	of	StringConstantExpressionAst	CommandAst	12	16
176	abuse	abuse_nou	0	Abuse	Elder	Identifier	Awareness	StringConstantExpressionAst	CommandAst	11	15
177	abuse	abuse_nou	0	abuse	for	Generic	,	StringConstantExpressionAst	ArrayLiteralAst	6	14
178	abuse	abuse_vrb	1	abuse	can	Identifier	the	StringConstantExpressionAst	CommandAst	6	15
179	abuse	abuse_nou	0	abuse	physical	Identifier	,	StringConstantExpressionAst	ArrayLiteralAst	6	17
180	abuses	abuses_nou	0	abuses	rights	Identifier	by	StringConstantExpressionAst	CommandAst	16	20
181	abuses	abuses_nou	0	abuses	also	Identifier	of	StringConstantExpressionAst	CommandAst	4	11
182	abuses	abuses_vrb	1	abuses	physically	Identifier	the	StringConstantExpressionAst	CommandAst	13	17
183	abuses	abuses_nou	0	abuses	and	Identifier	of	StringConstantExpressionAst	CommandAst	13	18
184	abuses	abuses_nou	0	abuses	societal	Identifier	or	StringConstantExpressionAst	CommandAst	9	19
185	abuses	abuses_nou	0	abuses	various	Identifier	,	StringConstantExpressionAst	ArrayLiteralAst	10	21
186	abuses	abuses_nou	0	abuses	financial	Identifier	within	StringConstantExpressionAst	CommandAst	11	16
188	abuses	abuses_nou	0	abuses	the	Identifier	of	StringConstantExpressionAst	CommandAst	6	16
189	abuses	abuses_nou	0	abuses	privacy	Identifier	and	StringConstantExpressionAst	CommandAst	10	21
190	abuses	abuses_nou	0	abuses	documents	Identifier	by	StringConstantExpressionAst	CommandAst	4	20
191	abuses	abuses_nou	0	abuses	his	Identifier	.	StringConstantExpressionAst	CommandAst	11	13
192	abuses	abuses_nou	0	Abuses	Labor	Identifier	Continue	StringConstantExpressionAst	CommandAst	7	16
193	abuses	abuses_vrb	1	abuses	it	Identifier	the	StringConstantExpressionAst	CommandAst	16	22
194	abuses	abuses_nou	0	abuses	other	Identifier	,	StringConstantExpressionAst	ArrayLiteralAst	3	19
195	abuses	abuses_nou	0	abuses	attorney	Identifier	of	StringConstantExpressionAst	CommandAst	8	21
196	abuses	abuses_nou	0	abuses	Rights	Identifier	in	StringConstantExpressionAst	CommandAst	17	21
197	abuses	abuses_vrb	1	abuses	and	Identifier	his	StringConstantExpressionAst	CommandAst	5	16
198	abuses	abuses_nou	0	abuses	in	Generic	against	StringConstantExpressionAst	CommandAst	14	19
199	abuses	abuses_vrb	1	abuses	cruelly	Identifier	her	StringConstantExpressionAst	CommandAst	3	14
200	abuses	abuses_vrb	1	abuses	and	Identifier	her	StringConstantExpressionAst	CommandAst	9	12
201	abuses	abuses_nou	0	abuses	investigate	Identifier	of	StringConstantExpressionAst	CommandAst	8	18
202	abuses	abuses_nou	0	abuses	the	Identifier	in	StringConstantExpressionAst	CommandAst	14	20
203	abuses	abuses_vrb	1	abuses	,	Comma	Chandni	StringConstantExpressionAst	ArrayLiteralAst	5	19
204	abuses	abuses_vrb	1	abuses	She	Identifier	Frado	StringConstantExpressionAst	CommandAst	2	9
205	abuses	abuses_nou	0	Abuses	Societal	Identifier	and	StringConstantExpressionAst	CommandAst	5	8
206	abuses	abuses_nou	0	Abuses	School	Identifier	.	StringConstantExpressionAst	CommandAst	8	10
207	abuses	abuses_nou	0	abuses	and	Identifier	of	StringConstantExpressionAst	CommandAst	13	18
208	abuses	abuses_nou	0	abuses	rights	Identifier	at	StringConstantExpressionAst	CommandAst	13	18
209	abuses	abuses_nou	0	abuses	The	Identifier	occur	StringConstantExpressionAst	CommandAst	2	14
210	abuses	abuses_vrb	1	abuses	who	Identifier	alcohol	StringConstantExpressionAst	CommandAst	15	18
211	abuses	abuses_nou	0	abuses	committed	Identifier	were	StringConstantExpressionAst	CommandAst	6	17
212	abuses	abuses_nou	0	abuses	rights	Identifier	and	StringConstantExpressionAst	CommandAst	10	15
213	abuses	abuses_nou	0	abuses	his	Identifier	.	StringConstantExpressionAst	CommandAst	13	15
214	abuses	abuses_vrb	1	abuses	and	Identifier	the	StringConstantExpressionAst	CommandAst	8	21
215	abuses	abuses_nou	0	abuses	worst	Identifier	at	StringConstantExpressionAst	CommandAst	14	19
216	abuses	abuses_nou	0	abuses	rights	Identifier	against	StringConstantExpressionAst	CommandAst	11	18
217	abuses	abuses_vrb	1	abuses	Corporation	Identifier	the	StringConstantExpressionAst	CommandAst	7	19
218	abuses	abuses_nou	0	abuses	»«eradicate	Generic	committed	StringConstantExpressionAst	CommandAst	7	21
219	abuses	abuses_nou	0	abuses	to	Identifier	a	StringConstantExpressionAst	CommandAst	3	17
220	abuses	abuses_nou	0	abuses	report	Identifier	or	StringConstantExpressionAst	CommandAst	15	21
221	abuses	abuses_nou	0	abuses	and	Identifier	.	StringConstantExpressionAst	CommandAst	10	12
222	abuses	abuses_vrb	1	abuses	father	Identifier	him	StringConstantExpressionAst	CommandAst	3	15
223	abuses	abuses_nou	0	abuses	rights	Identifier	of	StringConstantExpressionAst	CommandAst	16	20
224	abuses	abuses_nou	0	abuses	end	Generic	in	StringConstantExpressionAst	CommandAst	6	11
225	abuses	abuses_nou	0	abuses	societal	Identifier	based	StringConstantExpressionAst	CommandAst	6	13
226	abuses	abuses_nou	0	abuses	remove	Identifier	or	StringConstantExpressionAst	CommandAst	10	18
227	abuses	abuses_nou	0	abuses	the	Identifier	of	StringConstantExpressionAst	CommandAst	10	19
228	abuses	abuses_vrb	1	abuses	and	Identifier	Gitl	StringConstantExpressionAst	CommandAst	11	18
229	abuses	abuses_nou	0	abuses	the	Identifier	.	StringConstantExpressionAst	CommandAst	13	15
230	abuses	abuses_nou	0	abuses	emotional	Identifier	over	StringConstantExpressionAst	CommandAst	16	21
231	abuses	abuses_nou	0	abuses	the	Identifier	and	StringConstantExpressionAst	CommandAst	10	17
232	abuses	abuses_nou	0	abuses	the	Identifier	and	StringConstantExpressionAst	CommandAst	12	17
233	abuses	abuses_nou	0	abuses	rights	Identifier	.	StringConstantExpressionAst	CommandAst	17	19
234	abuses	abuses_nou	0	abuses	against	Identifier	of	StringConstantExpressionAst	CommandAst	5	21
235	abuses	abuses_nou	0	abuses	for	Generic	committed	StringConstantExpressionAst	CommandAst	10	22
237	abuses	abuses_nou	0	abuses	rights	Identifier	in	StringConstantExpressionAst	CommandAst	14	21
238	abuses	abuses_nou	0	abuses	permit	Identifier	,	StringConstantExpressionAst	ArrayLiteralAst	5	12
239	abuses	abuses_nou	0	abuses	into	Identifier	at	StringConstantExpressionAst	CommandAst	12	19
240	abuses	abuses_nou	0	Abuses	and	Identifier	of	StringConstantExpressionAst	CommandAst	8	12
241	abuses	abuses_nou	0	abuses	many	Identifier	were	StringConstantExpressionAst	CommandAst	6	12
242	abuses	abuses_nou	0	abuses	to	Identifier	of	StringConstantExpressionAst	CommandAst	12	20
243	abuses	abuses_nou	0	abuses	governmental	Identifier	.	StringConstantExpressionAst	CommandAst	13	15
244	abuses	abuses_vrb	1	abuses	but	Identifier	and	StringConstantExpressionAst	CommandAst	13	18
245	abuses	abuses_nou	0	abuses	and	Identifier	of	StringConstantExpressionAst	CommandAst	12	19
246	abuses	abuses_nou	0	abuses	societal	Identifier	or	StringConstantExpressionAst	CommandAst	7	17
247	abuses	abuses_nou	0	abuses	Reported	Identifier	of	StringConstantExpressionAst	CommandAst	2	15
248	abuses	abuses_vrb	1	abuses	father	Identifier	him	StringConstantExpressionAst	CommandAst	5	13
249	abuses	abuses_nou	0	abuses	reporting	Identifier	in	StringConstantExpressionAst	CommandAst	7	19
250	abuses	abuses_nou	0	abuses	their	Identifier	of	StringConstantExpressionAst	CommandAst	14	19
251	abuses	abuses_nou	0	abuses	the	Identifier	and	StringConstantExpressionAst	CommandAst	13	21
252	abuses	abuses_nou	0	abuses	correct	Identifier	in	StringConstantExpressionAst	CommandAst	6	20
253	abuses	abuses_nou	0	abuses	rights	Identifier	occur	StringConstantExpressionAst	CommandAst	9	15
254	abuses	abuses_nou	0	abuses	rights	Identifier	.	StringConstantExpressionAst	CommandAst	17	19
255	abuses	abuses_nou	0	abuses	labor	Identifier	,	StringConstantExpressionAst	ArrayLiteralAst	14	16
256	abuses	abuses_vrb	1	abuses	verbally	Identifier	Colin	StringConstantExpressionAst	CommandAst	3	10
257	abuses	abuses_nou	0	abuses	rights	Identifier	within	StringConstantExpressionAst	CommandAst	12	20
258	abuses	abuses_nou	0	abuses	on	Identifier	introduced	StringConstantExpressionAst	CommandAst	3	15
259	abuses	abuses_nou	0	abuses	rights	Identifier	collateral	StringConstantExpressionAst	CommandAst	9	16
260	abuses	abuses_nou	0	abuses	rights	Identifier	.	StringConstantExpressionAst	CommandAst	18	20
261	abuses	abuses_nou	0	abuses	rights	Identifier	in	StringConstantExpressionAst	CommandAst	8	13
262	abuses	abuses_nou	0	abuses	the	Identifier	of	StringConstantExpressionAst	CommandAst	6	18
263	abuses	abuses_nou	0	abuses	attacked	Identifier	,	StringConstantExpressionAst	ArrayLiteralAst	4	19
264	abuses	abuses_vrb	1	abuses	verbally	Identifier	her	StringConstantExpressionAst	CommandAst	17	20
265	abuses	abuses_nou	0	Abuses	//	Generic	of	StringConstantExpressionAst	CommandAst	1	21
266	abuses	abuses_nou	0	abuses	environmental	Identifier	.	StringConstantExpressionAst	CommandAst	16	18
267	abuses	abuses_nou	0	abuses	government	Identifier	against	StringConstantExpressionAst	CommandAst	3	18
268	abuses	abuses_nou	0	abuses	societal	Identifier	or	StringConstantExpressionAst	CommandAst	7	17
269	abuses	abuses_nou	0	abuses	rights	Identifier	in	StringConstantExpressionAst	CommandAst	3	17
359	advocate	advocate_nou	0	advocate	strong	Identifier	for	StringConstantExpressionAst	CommandAst	9	19
360	advocate	advocate_nou	0	advocate	longtime	Identifier	for	StringConstantExpressionAst	CommandAst	11	18
361	advocate	advocate_nou	0	advocate	early	Identifier	of	StringConstantExpressionAst	CommandAst	7	20
362	advocate	advocate_nou	0	advocate	active	Identifier	for	StringConstantExpressionAst	CommandAst	7	17
363	advocate	advocate_nou	0	advocate	an	Identifier	within	StringConstantExpressionAst	CommandAst	4	14
364	advocate	advocate_nou	0	advocate	an	Identifier	of	StringConstantExpressionAst	CommandAst	5	11
365	advocate	advocate_nou	0	advocate	superb	Identifier	in	StringConstantExpressionAst	CommandAst	8	14
366	advocate	advocate_nou	0	advocate	Union	Identifier	.	StringConstantExpressionAst	CommandAst	19	21
367	advocate	advocate_nou	0	advocate	Transgender	Identifier	Norrie	StringConstantExpressionAst	CommandAst	2	14
368	advocate	advocate_nou	0	advocate	an	Identifier	of	StringConstantExpressionAst	CommandAst	6	21
370	advocate	advocate_nou	0	advocate	an	Identifier	of	StringConstantExpressionAst	CommandAst	7	12
371	advocate	advocate_nou	0	advocate	main	Identifier	and	StringConstantExpressionAst	CommandAst	11	17
372	advocate	advocate_nou	0	advocate	staunch	Identifier	of	StringConstantExpressionAst	CommandAst	6	12
373	advocate	advocate_nou	0	advocate	an	Identifier	for	StringConstantExpressionAst	CommandAst	15	21
374	advocate	advocate_nou	0	Advocate	the	Identifier	General	StringConstantExpressionAst	CommandAst	11	16
375	advocate	advocate_nou	0	advocate	to	Identifier	of	StringConstantExpressionAst	CommandAst	10	21
376	advocate	advocate_nou	0	Advocate	Erin	Identifier	also	StringConstantExpressionAst	CommandAst	3	16
377	advocate	advocate_vrb	1	advocate	also	Identifier	for	StringConstantExpressionAst	CommandAst	6	21
378	advocate	advocate_nou	0	advocate	strong	Identifier	for	StringConstantExpressionAst	CommandAst	9	15
379	advocate	advocate_vrb	1	advocate	successfully	Identifier	for	StringConstantExpressionAst	CommandAst	13	19
380	advocate	advocate_vrb	1	advocate	to	Identifier	for	StringConstantExpressionAst	CommandAst	8	12
381	advocate	advocate_nou	0	advocate	an	Identifier	of	StringConstantExpressionAst	CommandAst	11	16
382	advocate	advocate_nou	0	advocate	senior	Identifier	at	StringConstantExpressionAst	CommandAst	5	11
383	advocate	advocate_nou	0	advocate	An	Identifier	of	StringConstantExpressionAst	CommandAst	2	15
384	advocate	advocate_nou	0	advocate	awareness	Identifier	.	StringConstantExpressionAst	CommandAst	16	18
385	advocate	advocate_nou	0	advocate	an	Identifier	of	StringConstantExpressionAst	CommandAst	7	15
386	advocate	advocate_nou	0	Advocate	was	Identifier	General	StringConstantExpressionAst	CommandAst	3	13
387	advocate	advocate_nou	0	advocate	particular	Identifier	of	StringConstantExpressionAst	CommandAst	13	18
388	advocate	advocate_nou	0	advocate	major	Identifier	for	StringConstantExpressionAst	CommandAst	5	17
389	advocate	advocate_nou	0	advocate	and	Identifier	for	StringConstantExpressionAst	CommandAst	7	13
390	advocate	advocate_vrb	1	advocate	Ross	Identifier	deliberative	StringConstantExpressionAst	CommandAst	6	17
391	advocate	advocate_nou	0	advocate	vocal	Identifier	for	StringConstantExpressionAst	CommandAst	6	21
392	advocate	advocate_nou	0	advocate	rights	Identifier	Samantha	StringConstantExpressionAst	CommandAst	3	13
393	advocate	advocate_vrb	1	advocate	to	Identifier	independence	StringConstantExpressionAst	CommandAst	17	20
394	advocate	advocate_nou	0	advocate	global	Identifier	in	StringConstantExpressionAst	CommandAst	7	15
395	advocate	advocate_vrb	1	advocate	and	Identifier	for	StringConstantExpressionAst	CommandAst	10	20
397	advocate	advocate_nou	0	advocate	keen	Identifier	of	StringConstantExpressionAst	CommandAst	5	17
398	advocate	advocate_nou	0	advocate	an	Identifier	of	StringConstantExpressionAst	CommandAst	4	18
399	advocate	advocate_vrb	1	advocate	specifically	Identifier	potential	StringConstantExpressionAst	CommandAst	7	15
400	advocate	advocate_nou	0	advocate	influential	Identifier	of	StringConstantExpressionAst	CommandAst	13	19
401	advocate	advocate_nou	0	advocate	an	Identifier	for	StringConstantExpressionAst	CommandAst	8	17
402	advocate	advocate_nou	0	advocate	An	Identifier	is	StringConstantExpressionAst	CommandAst	2	16
403	advocate	advocate_nou	0	advocate	fierce	Identifier	for	StringConstantExpressionAst	CommandAst	13	22
404	advocate	advocate_nou	0	advocate	an	Identifier	for	StringConstantExpressionAst	CommandAst	4	10
405	advocate	advocate_nou	0	advocate	strong	Identifier	of	StringConstantExpressionAst	CommandAst	6	14
406	advocate	advocate_nou	0	advocate	an	Identifier	fostering	StringConstantExpressionAst	CommandAst	6	17
407	advocate	advocate_vrb	1	advocate	or	Identifier	for	StringConstantExpressionAst	CommandAst	10	19
408	advocate	advocate_nou	0	advocate	staunch	Identifier	of	StringConstantExpressionAst	CommandAst	12	18
409	advocate	advocate_nou	0	Advocate	//	Generic	reports	StringConstantExpressionAst	CommandAst	1	12
410	advocate	advocate_nou	0	advocate	early	Identifier	of	StringConstantExpressionAst	CommandAst	6	18
411	advocate	advocate_nou	0	Advocate	Senior	Identifier	practicing	StringConstantExpressionAst	CommandAst	7	16
412	advocate	advocate_nou	0	advocate	an	Identifier	for	StringConstantExpressionAst	CommandAst	10	18
413	advocate	advocate_nou	0	advocate	rights	Identifier	and	StringConstantExpressionAst	CommandAst	10	16
414	advocate	advocate_nou	0	Advocate	an	Identifier	&	StringConstantExpressionAst	CommandAst	4	5
416	advocate	advocate_vrb	1	advocate	not	Identifier	simply	StringConstantExpressionAst	CommandAst	4	12
417	advocate	advocate_vrb	1	advocate	to	Identifier	enlisting	StringConstantExpressionAst	CommandAst	7	16
418	advocate	advocate_vrb	1	advocate	to	Identifier	for	StringConstantExpressionAst	CommandAst	8	20
419	advocate	advocate_nou	0	advocate	an	Identifier	to	StringConstantExpressionAst	CommandAst	11	16
420	advocate	advocate_nou	0	advocate	youth	Identifier	.	StringConstantExpressionAst	CommandAst	9	11
421	advocate	advocate_nou	0	Advocate	Senior	Identifier	Supreme	StringConstantExpressionAst	CommandAst	7	11
422	advocate	advocate_nou	0	advocate	an	Identifier	.	StringConstantExpressionAst	CommandAst	13	15
423	advocate	advocate_nou	0	advocate	,	Comma	,	StringConstantExpressionAst	ArrayLiteralAst	12	14
424	advocate	advocate_nou	0	advocate	government	Identifier	,	StringConstantExpressionAst	ArrayLiteralAst	7	17
425	advocate	advocate_nou	0	advocate	an	Identifier	against	StringConstantExpressionAst	CommandAst	5	18
426	advocate	advocate_nou	0	advocate	anti‐smoking	Generic	.	StringConstantExpressionAst	CommandAst	19	21
427	advocate	advocate_nou	0	Advocate	Force	Identifier	between	StringConstantExpressionAst	CommandAst	10	16
428	advocate	advocate_nou	0	advocate	strong	Identifier	towards	StringConstantExpressionAst	CommandAst	6	12
429	advocate	advocate_nou	0	advocate	Kids	Identifier	,	StringConstantExpressionAst	ArrayLiteralAst	12	15
430	advocate	advocate_nou	0	advocate	an	Identifier	in	StringConstantExpressionAst	CommandAst	4	16
431	advocate	advocate_nou	0	advocate	prominent	Identifier	of	StringConstantExpressionAst	CommandAst	6	12
432	advocate	advocate_nou	0	advocate	outspoken	Identifier	of	StringConstantExpressionAst	CommandAst	3	20
434	advocate	advocate_nou	0	advocate	housing	Identifier	in	StringConstantExpressionAst	CommandAst	9	15
435	advocate	advocate_nou	0	advocate	an	Identifier	&	StringConstantExpressionAst	CommandAst	8	9
436	advocate	advocate_nou	0	Advocate	Judge	Identifier	General	StringConstantExpressionAst	CommandAst	7	14
437	advocate	advocate_vrb	1	advocate	Brotherhood	Identifier	Islam	StringConstantExpressionAst	CommandAst	8	21
438	advocate	advocate_nou	0	advocate	an	Identifier	for	StringConstantExpressionAst	CommandAst	8	20
439	advocate	advocate_nou	0	advocate	strong	Identifier	for	StringConstantExpressionAst	CommandAst	5	22
440	advocate	advocate_nou	0	advocate	pioneer	Identifier	of	StringConstantExpressionAst	CommandAst	4	18
441	advocate	advocate_nou	0	advocate	strong	Identifier	for	StringConstantExpressionAst	CommandAst	5	18
442	advocate	advocate_vrb	1	advocate	many	Identifier	an	StringConstantExpressionAst	CommandAst	11	20
443	advocate	advocate_nou	0	Advocate	//	Generic	P.M.A.	StringConstantExpressionAst	CommandAst	1	17
444	advocate	advocate_nou	0	Advocate	Developer	Identifier	team	StringConstantExpressionAst	CommandAst	7	12
445	advocate	advocate_vrb	1	advocate	to	Identifier	against	StringConstantExpressionAst	CommandAst	9	15
446	advocate	advocate_nou	0	advocate	particular	Identifier	of	StringConstantExpressionAst	CommandAst	5	12
447	advocate	advocate_nou	0	Advocate	an	Identifier	in	StringConstantExpressionAst	CommandAst	9	13
448	advocate	advocate_nou	0	advocate	strong	Identifier	of	StringConstantExpressionAst	CommandAst	7	17
