sentence_id	punct_char	sma_token_kind	span	ast_parent_type	ast_node_type	node_snippet
0	.	Generic	52..60	CommandAst	StringConstantExpressionAst	imagery.
1	(	LParen	68..69	CommandAst	ParenExpressionAst	(and successfully did so into th...
1	)	RParen	114..115	CommandAst	ParenExpressionAst	(and successfully did so into th...
1	.	Generic	115..116	CommandAst	StringConstantExpressionAst	.
2	.	Generic	51..62	CommandAst	StringConstantExpressionAst	vocabulary.
3	,	Comma	38..39	CommandAst	ArrayLiteralAst	prolific, and
3	.	Generic	105..112	CommandAst	StringConstantExpressionAst	artist.
4	,	Comma	13..14	CommandAst	ArrayLiteralAst	sculptor, Ruud
4	.	Generic	113..120	CommandAst	StringConstantExpressionAst	shapes.
5	(	LParen	44..45	ArrayLiteralAst	ParenExpressionAst	(AWT)
5	)	RParen	48..49	ArrayLiteralAst	ParenExpressionAst	(AWT)
5	,	Comma	49..50	CommandAst	ArrayLiteralAst	(AWT), Swing
5	.	Generic	66..69	CommandAst	StringConstantExpressionAst	2D.
6	.	Generic	76..85	CommandAst	StringConstantExpressionAst	abstract.
7	.	Generic	74..85	CommandAst	StringConstantExpressionAst	structures.
8	,	Comma	50..51	CommandAst	ArrayLiteralAst	abstract, similar
8	.	Generic	98..104	CommandAst	StringConstantExpressionAst	years.
9	"	StringExpandable	0..89	None	ScriptBlockAst	"The ""Abstract factory pattern"...
9	"	StringExpandable	0..89	None	ScriptBlockAst	"The ""Abstract factory pattern"...
9	"	StringExpandable	0..89	None	ScriptBlockAst	"The ""Abstract factory pattern"...
9	"	StringExpandable	0..89	None	ScriptBlockAst	"The ""Abstract factory pattern"...
9	"	StringExpandable	0..89	None	ScriptBlockAst	"The ""Abstract factory pattern"...
9	.	StringExpandable	0..89	None	ScriptBlockAst	"The ""Abstract factory pattern"...
9	"	StringExpandable	0..89	None	ScriptBlockAst	"The ""Abstract factory pattern"...
10	,	Comma	54..55	CommandAst	ArrayLiteralAst	error, though
10	.	Generic	89..99	CommandAst	StringConstantExpressionAst	unchanged.
11	.	Generic	60..69	CommandAst	StringConstantExpressionAst	painting.
12	,	Comma	78..79	CommandAst	ArrayLiteralAst	algebra, including
12	.	Generic	102..109	CommandAst	StringConstantExpressionAst	theory.
13	-	Generic	4..11	CommandAst	StringConstantExpressionAst	i-stems
13	-	Parameter	40..43	CommandAst	CommandParameterAst	-is
13	,	Comma	43..44	None	ScriptBlockAst	The i-stems descended from PIE n...
13	-	Parameter	91..95	CommandAst	CommandParameterAst	-tis
13	.	Generic	95..96	CommandAst	StringConstantExpressionAst	.
14	,	Comma	47..48	CommandAst	ArrayLiteralAst	progressions, making
14	,	Comma	83..84	CommandAst	ArrayLiteralAst	key, so
14	.	Generic	102..113	CommandAst	StringConstantExpressionAst	transposed.
15	"	StringExpandable	0..125	None	ScriptBlockAst	"In Paris during the 1920s, Moff...
15	,	StringExpandable	0..125	None	ScriptBlockAst	"In Paris during the 1920s, Moff...
15	,	StringExpandable	0..125	None	ScriptBlockAst	"In Paris during the 1920s, Moff...
15	"	StringExpandable	0..125	None	ScriptBlockAst	"In Paris during the 1920s, Moff...
15	"	StringExpandable	0..125	None	ScriptBlockAst	"In Paris during the 1920s, Moff...
15	"	StringExpandable	0..125	None	ScriptBlockAst	"In Paris during the 1920s, Moff...
15	"	StringExpandable	0..125	None	ScriptBlockAst	"In Paris during the 1920s, Moff...
15	.	StringExpandable	0..125	None	ScriptBlockAst	"In Paris during the 1920s, Moff...
15	"	StringExpandable	0..125	None	ScriptBlockAst	"In Paris during the 1920s, Moff...
16	,	Comma	6..7	None	ScriptBlockAst	Rather, Siddhartha's insights in...
16	'	Generic	8..92	CommandAst	StringConstantExpressionAst	Siddhartha's insights into old a...
16	,	Generic	8..92	CommandAst	StringConstantExpressionAst	Siddhartha's insights into old a...
16	.	Generic	8..92	CommandAst	StringConstantExpressionAst	Siddhartha's insights into old a...
17	-	Generic	11..21	CommandAst	StringConstantExpressionAst	two-player
17	.	Generic	46..51	CommandAst	StringConstantExpressionAst	game.
18	'	Generic	0..87	None	ScriptBlockAst	Whitehead's lemma is a technical...
18	-	Generic	0..87	None	ScriptBlockAst	Whitehead's lemma is a technical...
18	.	Generic	0..87	None	ScriptBlockAst	Whitehead's lemma is a technical...
19	;	Semi	50..51	None	ScriptBlockAst	Il Lee is best known for his bal...
19	-	Generic	52..63	CommandAst	StringConstantExpressionAst	large-scale
19	.	Generic	94..101	CommandAst	StringConstantExpressionAst	canvas.
20	,	Comma	30..31	CommandAst	ArrayLiteralAst	abstract, with
20	-	Generic	77..92	CommandAst	StringConstantExpressionAst	trampoline-like
20	.	Generic	93..103	CommandAst	StringConstantExpressionAst	platforms.
21	'	Generic	0..101	None	ScriptBlockAst	Tumarkin's sculpture still dealt...
21	,	Generic	0..101	None	ScriptBlockAst	Tumarkin's sculpture still dealt...
21	.	Generic	0..101	None	ScriptBlockAst	Tumarkin's sculpture still dealt...
22	,	Comma	6..7	None	ScriptBlockAst	Indeed, there exist abstract ova...
22	.	Generic	71..77	CommandAst	StringConstantExpressionAst	plane.
23	-	Generic	8..19	CommandAst	StringConstantExpressionAst	tic-tac-toe
23	-	Generic	8..19	CommandAst	StringConstantExpressionAst	tic-tac-toe
23	.	Generic	117..126	CommandAst	StringConstantExpressionAst	research.
24	-	Generic	15..25	CommandAst	StringConstantExpressionAst	two-player
24	.	Generic	60..66	CommandAst	StringConstantExpressionAst	Tibet.
25	-	Generic	0..14	CommandAst	StringConstantExpressionAst	Self-awareness
25	.	Generic	48..57	CommandAst	StringConstantExpressionAst	thinking.
26	.	Generic	103..107	CommandAst	StringConstantExpressionAst	art.
27	.	Generic	83..91	CommandAst	StringConstantExpressionAst	systems.
28	,	Comma	7..8	CommandAst	ArrayLiteralAst	1926, she
28	-	Generic	21..31	ArrayLiteralAst	StringConstantExpressionAst	Etude-Bach
28	,	Comma	31..32	CommandAst	ArrayLiteralAst	Etude-Bach, her
28	.	Generic	52..59	CommandAst	StringConstantExpressionAst	ballet.
29	,	Comma	8..9	None	ScriptBlockAst	Moreover, different abstract mac...
29	,	Comma	75..76	CommandAst	ArrayLiteralAst	operations, which
29	.	Generic	132..137	CommandAst	StringConstantExpressionAst	time.
