form	context	errors	error_ids	token_kinds	token_texts	ast_root_type	node_types	emergent_category
0	bare	0	NONE	Number	0	ScriptBlockAst	CommandExpressionAst|ConstantExpressionAst	PureNumericLiteral
0	cmd_arg	0	NONE	Number	0	ScriptBlockAst	CommandAst|StringConstantExpressionAst|ConstantExpressionAst	PureNumericLiteral
1	bare	0	NONE	Number	1	ScriptBlockAst	CommandExpressionAst|ConstantExpressionAst	PureNumericLiteral
1	cmd_arg	0	NONE	Number	1	ScriptBlockAst	CommandAst|StringConstantExpressionAst|ConstantExpressionAst	PureNumericLiteral
7	bare	0	NONE	Number	7	ScriptBlockAst	CommandExpressionAst|ConstantExpressionAst	PureNumericLiteral
7	cmd_arg	0	NONE	Number	7	ScriptBlockAst	CommandAst|StringConstantExpressionAst|ConstantExpressionAst	PureNumericLiteral
42	bare	0	NONE	Number	42	ScriptBlockAst	CommandExpressionAst|ConstantExpressionAst	PureNumericLiteral
42	cmd_arg	0	NONE	Number	42	ScriptBlockAst	CommandAst|StringConstantExpressionAst|ConstantExpressionAst	PureNumericLiteral
01	bare	0	NONE	Number	01	ScriptBlockAst	CommandExpressionAst|ConstantExpressionAst	PureNumericLiteral
01	cmd_arg	0	NONE	Number	01	ScriptBlockAst	CommandAst|StringConstantExpressionAst|ConstantExpressionAst	PureNumericLiteral
007	bare	0	NONE	Number	007	ScriptBlockAst	CommandExpressionAst|ConstantExpressionAst	PureNumericLiteral
007	cmd_arg	0	NONE	Number	007	ScriptBlockAst	CommandAst|StringConstantExpressionAst|ConstantExpressionAst	PureNumericLiteral
100	bare	0	NONE	Number	100	ScriptBlockAst	CommandExpressionAst|ConstantExpressionAst	PureNumericLiteral
100	cmd_arg	0	NONE	Number	100	ScriptBlockAst	CommandAst|StringConstantExpressionAst|ConstantExpressionAst	PureNumericLiteral
911	bare	0	NONE	Number	911	ScriptBlockAst	CommandExpressionAst|ConstantExpressionAst	PureNumericLiteral
911	cmd_arg	0	NONE	Number	911	ScriptBlockAst	CommandAst|StringConstantExpressionAst|ConstantExpressionAst	PureNumericLiteral
747	bare	0	NONE	Number	747	ScriptBlockAst	CommandExpressionAst|ConstantExpressionAst	PureNumericLiteral
747	cmd_arg	0	NONE	Number	747	ScriptBlockAst	CommandAst|StringConstantExpressionAst|ConstantExpressionAst	PureNumericLiteral
1000	bare	0	NONE	Number	1000	ScriptBlockAst	CommandExpressionAst|ConstantExpressionAst	PureNumericLiteral
1000	cmd_arg	0	NONE	Number	1000	ScriptBlockAst	CommandAst|StringConstantExpressionAst|ConstantExpressionAst	PureNumericLiteral
2026	bare	0	NONE	Number	2026	ScriptBlockAst	CommandExpressionAst|ConstantExpressionAst	PureNumericLiteral
2026	cmd_arg	0	NONE	Number	2026	ScriptBlockAst	CommandAst|StringConstantExpressionAst|ConstantExpressionAst	PureNumericLiteral
1000000	bare	0	NONE	Number	1000000	ScriptBlockAst	CommandExpressionAst|ConstantExpressionAst	PureNumericLiteral
1000000	cmd_arg	0	NONE	Number	1000000	ScriptBlockAst	CommandAst|StringConstantExpressionAst|ConstantExpressionAst	PureNumericLiteral
1,000	bare	0	NONE	Number|Comma|Number	1|,|000	ScriptBlockAst	CommandExpressionAst|ArrayLiteralAst|ConstantExpressionAst	CommaSeparatedCompound
1,000	cmd_arg	0	NONE	Number|Comma|Number	1|,|000	ScriptBlockAst	CommandAst|StringConstantExpressionAst|ArrayLiteralAst|ConstantExpressionAst	CommaSeparatedCompound
1,234	bare	0	NONE	Number|Comma|Number	1|,|234	ScriptBlockAst	CommandExpressionAst|ArrayLiteralAst|ConstantExpressionAst	CommaSeparatedCompound
1,234	cmd_arg	0	NONE	Number|Comma|Number	1|,|234	ScriptBlockAst	CommandAst|StringConstantExpressionAst|ArrayLiteralAst|ConstantExpressionAst	CommaSeparatedCompound
10,000	bare	0	NONE	Number|Comma|Number	10|,|000	ScriptBlockAst	CommandExpressionAst|ArrayLiteralAst|ConstantExpressionAst	CommaSeparatedCompound
10,000	cmd_arg	0	NONE	Number|Comma|Number	10|,|000	ScriptBlockAst	CommandAst|StringConstantExpressionAst|ArrayLiteralAst|ConstantExpressionAst	CommaSeparatedCompound
100,000	bare	0	NONE	Number|Comma|Number	100|,|000	ScriptBlockAst	CommandExpressionAst|ArrayLiteralAst|ConstantExpressionAst	CommaSeparatedCompound
100,000	cmd_arg	0	NONE	Number|Comma|Number	100|,|000	ScriptBlockAst	CommandAst|StringConstantExpressionAst|ArrayLiteralAst|ConstantExpressionAst	CommaSeparatedCompound
1,000,000	bare	0	NONE	Number|Comma|Number|Comma|Number	1|,|000|,|000	ScriptBlockAst	CommandExpressionAst|ArrayLiteralAst|ConstantExpressionAst	CommaSeparatedCompound
1,000,000	cmd_arg	0	NONE	Number|Comma|Number|Comma|Number	1|,|000|,|000	ScriptBlockAst	CommandAst|StringConstantExpressionAst|ArrayLiteralAst|ConstantExpressionAst	CommaSeparatedCompound
1,234,567	bare	0	NONE	Number|Comma|Number|Comma|Number	1|,|234|,|567	ScriptBlockAst	CommandExpressionAst|ArrayLiteralAst|ConstantExpressionAst	CommaSeparatedCompound
1,234,567	cmd_arg	0	NONE	Number|Comma|Number|Comma|Number	1|,|234|,|567	ScriptBlockAst	CommandAst|StringConstantExpressionAst|ArrayLiteralAst|ConstantExpressionAst	CommaSeparatedCompound
1.0	bare	0	NONE	Number	1.0	ScriptBlockAst	CommandExpressionAst|ConstantExpressionAst	PureNumericLiteral
1.0	cmd_arg	0	NONE	Number	1.0	ScriptBlockAst	CommandAst|StringConstantExpressionAst|ConstantExpressionAst	PureNumericLiteral
1.00	bare	0	NONE	Number	1.00	ScriptBlockAst	CommandExpressionAst|ConstantExpressionAst	PureNumericLiteral
1.00	cmd_arg	0	NONE	Number	1.00	ScriptBlockAst	CommandAst|StringConstantExpressionAst|ConstantExpressionAst	PureNumericLiteral
0.5	bare	0	NONE	Number	0.5	ScriptBlockAst	CommandExpressionAst|ConstantExpressionAst	PureNumericLiteral
0.5	cmd_arg	0	NONE	Number	0.5	ScriptBlockAst	CommandAst|StringConstantExpressionAst|ConstantExpressionAst	PureNumericLiteral
.5	bare	0	NONE	Number	.5	ScriptBlockAst	CommandExpressionAst|ConstantExpressionAst	PureNumericLiteral
.5	cmd_arg	0	NONE	Number	.5	ScriptBlockAst	CommandAst|StringConstantExpressionAst|ConstantExpressionAst	PureNumericLiteral
3.14	bare	0	NONE	Number	3.14	ScriptBlockAst	CommandExpressionAst|ConstantExpressionAst	PureNumericLiteral
3.14	cmd_arg	0	NONE	Number	3.14	ScriptBlockAst	CommandAst|StringConstantExpressionAst|ConstantExpressionAst	PureNumericLiteral
3.14159	bare	0	NONE	Number	3.14159	ScriptBlockAst	CommandExpressionAst|ConstantExpressionAst	PureNumericLiteral
3.14159	cmd_arg	0	NONE	Number	3.14159	ScriptBlockAst	CommandAst|StringConstantExpressionAst|ConstantExpressionAst	PureNumericLiteral
0.001	bare	0	NONE	Number	0.001	ScriptBlockAst	CommandExpressionAst|ConstantExpressionAst	PureNumericLiteral
0.001	cmd_arg	0	NONE	Number	0.001	ScriptBlockAst	CommandAst|StringConstantExpressionAst|ConstantExpressionAst	PureNumericLiteral
99.99	bare	0	NONE	Number	99.99	ScriptBlockAst	CommandExpressionAst|ConstantExpressionAst	PureNumericLiteral
99.99	cmd_arg	0	NONE	Number	99.99	ScriptBlockAst	CommandAst|StringConstantExpressionAst|ConstantExpressionAst	PureNumericLiteral
1,234.56	bare	0	NONE	Number|Comma|Number	1|,|234.56	ScriptBlockAst	CommandExpressionAst|ArrayLiteralAst|ConstantExpressionAst	CommaSeparatedCompound
1,234.56	cmd_arg	0	NONE	Number|Comma|Number	1|,|234.56	ScriptBlockAst	CommandAst|StringConstantExpressionAst|ArrayLiteralAst|ConstantExpressionAst	CommaSeparatedCompound
10,000.00	bare	0	NONE	Number|Comma|Number	10|,|000.00	ScriptBlockAst	CommandExpressionAst|ArrayLiteralAst|ConstantExpressionAst	CommaSeparatedCompound
10,000.00	cmd_arg	0	NONE	Number|Comma|Number	10|,|000.00	ScriptBlockAst	CommandAst|StringConstantExpressionAst|ArrayLiteralAst|ConstantExpressionAst	CommaSeparatedCompound
1,000,000.50	bare	0	NONE	Number|Comma|Number|Comma|Number	1|,|000|,|000.50	ScriptBlockAst	CommandExpressionAst|ArrayLiteralAst|ConstantExpressionAst	CommaSeparatedCompound
1,000,000.50	cmd_arg	0	NONE	Number|Comma|Number|Comma|Number	1|,|000|,|000.50	ScriptBlockAst	CommandAst|StringConstantExpressionAst|ArrayLiteralAst|ConstantExpressionAst	CommaSeparatedCompound
-5	bare	0	NONE	Number	-5	ScriptBlockAst	CommandExpressionAst|ConstantExpressionAst	PureNumericLiteral
-5	cmd_arg	0	NONE	Generic	-5	ScriptBlockAst	CommandAst|StringConstantExpressionAst	GenericWordToken
+5	bare	0	NONE	Number	+5	ScriptBlockAst	CommandExpressionAst|ConstantExpressionAst	PureNumericLiteral
+5	cmd_arg	0	NONE	Generic	+5	ScriptBlockAst	CommandAst|StringConstantExpressionAst	GenericWordToken
-12	bare	0	NONE	Number	-12	ScriptBlockAst	CommandExpressionAst|ConstantExpressionAst	PureNumericLiteral
-12	cmd_arg	0	NONE	Generic	-12	ScriptBlockAst	CommandAst|StringConstantExpressionAst	GenericWordToken
+100	bare	0	NONE	Number	+100	ScriptBlockAst	CommandExpressionAst|ConstantExpressionAst	PureNumericLiteral
+100	cmd_arg	0	NONE	Generic	+100	ScriptBlockAst	CommandAst|StringConstantExpressionAst	GenericWordToken
-0.5	bare	0	NONE	Number	-0.5	ScriptBlockAst	CommandExpressionAst|ConstantExpressionAst	PureNumericLiteral
-0.5	cmd_arg	0	NONE	Generic	-0.5	ScriptBlockAst	CommandAst|StringConstantExpressionAst	GenericWordToken
-1.23	bare	0	NONE	Number	-1.23	ScriptBlockAst	CommandExpressionAst|ConstantExpressionAst	PureNumericLiteral
-1.23	cmd_arg	0	NONE	Generic	-1.23	ScriptBlockAst	CommandAst|StringConstantExpressionAst	GenericWordToken
-1,000	bare	0	NONE	Number|Comma|Number	-1|,|000	ScriptBlockAst	CommandExpressionAst|ArrayLiteralAst|ConstantExpressionAst	CommaSeparatedCompound
-1,000	cmd_arg	0	NONE	Generic|Comma|Number	-1|,|000	ScriptBlockAst	CommandAst|StringConstantExpressionAst|ArrayLiteralAst|ConstantExpressionAst	CommaSeparatedCompound
1e3	bare	0	NONE	Number	1e3	ScriptBlockAst	CommandExpressionAst|ConstantExpressionAst	PureNumericLiteral
1e3	cmd_arg	0	NONE	Number	1e3	ScriptBlockAst	CommandAst|StringConstantExpressionAst|ConstantExpressionAst	PureNumericLiteral
1e6	bare	0	NONE	Number	1e6	ScriptBlockAst	CommandExpressionAst|ConstantExpressionAst	PureNumericLiteral
1e6	cmd_arg	0	NONE	Number	1e6	ScriptBlockAst	CommandAst|StringConstantExpressionAst|ConstantExpressionAst	PureNumericLiteral
1.5e3	bare	0	NONE	Number	1.5e3	ScriptBlockAst	CommandExpressionAst|ConstantExpressionAst	PureNumericLiteral
1.5e3	cmd_arg	0	NONE	Number	1.5e3	ScriptBlockAst	CommandAst|StringConstantExpressionAst|ConstantExpressionAst	PureNumericLiteral
2.4E4	bare	0	NONE	Number	2.4E4	ScriptBlockAst	CommandExpressionAst|ConstantExpressionAst	PureNumericLiteral
2.4E4	cmd_arg	0	NONE	Number	2.4E4	ScriptBlockAst	CommandAst|StringConstantExpressionAst|ConstantExpressionAst	PureNumericLiteral
1e-3	bare	0	NONE	Number	1e-3	ScriptBlockAst	CommandExpressionAst|ConstantExpressionAst	PureNumericLiteral
1e-3	cmd_arg	0	NONE	Number	1e-3	ScriptBlockAst	CommandAst|StringConstantExpressionAst|ConstantExpressionAst	PureNumericLiteral
2.5e-5	bare	0	NONE	Number	2.5e-5	ScriptBlockAst	CommandExpressionAst|ConstantExpressionAst	PureNumericLiteral
2.5e-5	cmd_arg	0	NONE	Number	2.5e-5	ScriptBlockAst	CommandAst|StringConstantExpressionAst|ConstantExpressionAst	PureNumericLiteral
1.0e+6	bare	0	NONE	Number	1.0e+6	ScriptBlockAst	CommandExpressionAst|ConstantExpressionAst	PureNumericLiteral
1.0e+6	cmd_arg	0	NONE	Number	1.0e+6	ScriptBlockAst	CommandAst|StringConstantExpressionAst|ConstantExpressionAst	PureNumericLiteral
0xFF	bare	0	NONE	Number	0xFF	ScriptBlockAst	CommandExpressionAst|ConstantExpressionAst	PureNumericLiteral
0xFF	cmd_arg	0	NONE	Number	0xFF	ScriptBlockAst	CommandAst|StringConstantExpressionAst|ConstantExpressionAst	PureNumericLiteral
0x10	bare	0	NONE	Number	0x10	ScriptBlockAst	CommandExpressionAst|ConstantExpressionAst	PureNumericLiteral
0x10	cmd_arg	0	NONE	Number	0x10	ScriptBlockAst	CommandAst|StringConstantExpressionAst|ConstantExpressionAst	PureNumericLiteral
0xABCD	bare	0	NONE	Number	0xABCD	ScriptBlockAst	CommandExpressionAst|ConstantExpressionAst	PureNumericLiteral
0xABCD	cmd_arg	0	NONE	Number	0xABCD	ScriptBlockAst	CommandAst|StringConstantExpressionAst|ConstantExpressionAst	PureNumericLiteral
0b1010	bare	0	NONE	Number	0b1010	ScriptBlockAst	CommandExpressionAst|ConstantExpressionAst	PureNumericLiteral
0b1010	cmd_arg	0	NONE	Number	0b1010	ScriptBlockAst	CommandAst|StringConstantExpressionAst|ConstantExpressionAst	PureNumericLiteral
0b11110000	bare	0	NONE	Number	0b11110000	ScriptBlockAst	CommandExpressionAst|ConstantExpressionAst	PureNumericLiteral
0b11110000	cmd_arg	0	NONE	Number	0b11110000	ScriptBlockAst	CommandAst|StringConstantExpressionAst|ConstantExpressionAst	PureNumericLiteral
1..5	bare	0	NONE	Number|DotDot|Number	1|..|5	ScriptBlockAst	CommandExpressionAst|BinaryExpressionAst|ConstantExpressionAst	RangeOrBinaryExpression
1..5	cmd_arg	0	NONE	Generic	1..5	ScriptBlockAst	CommandAst|StringConstantExpressionAst	GenericWordToken
1..10	bare	0	NONE	Number|DotDot|Number	1|..|10	ScriptBlockAst	CommandExpressionAst|BinaryExpressionAst|ConstantExpressionAst	RangeOrBinaryExpression
1..10	cmd_arg	0	NONE	Generic	1..10	ScriptBlockAst	CommandAst|StringConstantExpressionAst	GenericWordToken
3..5	bare	0	NONE	Number|DotDot|Number	3|..|5	ScriptBlockAst	CommandExpressionAst|BinaryExpressionAst|ConstantExpressionAst	RangeOrBinaryExpression
3..5	cmd_arg	0	NONE	Generic	3..5	ScriptBlockAst	CommandAst|StringConstantExpressionAst	GenericWordToken
10..20	bare	0	NONE	Number|DotDot|Number	10|..|20	ScriptBlockAst	CommandExpressionAst|BinaryExpressionAst|ConstantExpressionAst	RangeOrBinaryExpression
10..20	cmd_arg	0	NONE	Generic	10..20	ScriptBlockAst	CommandAst|StringConstantExpressionAst	GenericWordToken
3-5	bare	0	NONE	Number|Minus|Number	3|-|5	ScriptBlockAst	CommandExpressionAst|BinaryExpressionAst|ConstantExpressionAst	RangeOrBinaryExpression
3-5	cmd_arg	0	NONE	Generic	3-5	ScriptBlockAst	CommandAst|StringConstantExpressionAst	GenericWordToken
10-20	bare	0	NONE	Number|Minus|Number	10|-|20	ScriptBlockAst	CommandExpressionAst|BinaryExpressionAst|ConstantExpressionAst	RangeOrBinaryExpression
10-20	cmd_arg	0	NONE	Generic	10-20	ScriptBlockAst	CommandAst|StringConstantExpressionAst	GenericWordToken
1990-2000	bare	0	NONE	Number|Minus|Number	1990|-|2000	ScriptBlockAst	CommandExpressionAst|BinaryExpressionAst|ConstantExpressionAst	RangeOrBinaryExpression
1990-2000	cmd_arg	0	NONE	Generic	1990-2000	ScriptBlockAst	CommandAst|StringConstantExpressionAst	GenericWordToken
1990-95	bare	0	NONE	Number|Minus|Number	1990|-|95	ScriptBlockAst	CommandExpressionAst|BinaryExpressionAst|ConstantExpressionAst	RangeOrBinaryExpression
1990-95	cmd_arg	0	NONE	Generic	1990-95	ScriptBlockAst	CommandAst|StringConstantExpressionAst	GenericWordToken
1/2	bare	0	NONE	Number|Divide|Number	1|/|2	ScriptBlockAst	CommandExpressionAst|BinaryExpressionAst|ConstantExpressionAst	RangeOrBinaryExpression
1/2	cmd_arg	0	NONE	Generic	1/2	ScriptBlockAst	CommandAst|StringConstantExpressionAst	GenericWordToken
3/4	bare	0	NONE	Number|Divide|Number	3|/|4	ScriptBlockAst	CommandExpressionAst|BinaryExpressionAst|ConstantExpressionAst	RangeOrBinaryExpression
3/4	cmd_arg	0	NONE	Generic	3/4	ScriptBlockAst	CommandAst|StringConstantExpressionAst	GenericWordToken
5/8	bare	0	NONE	Number|Divide|Number	5|/|8	ScriptBlockAst	CommandExpressionAst|BinaryExpressionAst|ConstantExpressionAst	RangeOrBinaryExpression
5/8	cmd_arg	0	NONE	Generic	5/8	ScriptBlockAst	CommandAst|StringConstantExpressionAst	GenericWordToken
1:1	bare	0	NONE	Generic	1:1	ScriptBlockAst	CommandAst|StringConstantExpressionAst	GenericWordToken
1:1	cmd_arg	0	NONE	Generic	1:1	ScriptBlockAst	CommandAst|StringConstantExpressionAst	GenericWordToken
1:2	bare	0	NONE	Generic	1:2	ScriptBlockAst	CommandAst|StringConstantExpressionAst	GenericWordToken
1:2	cmd_arg	0	NONE	Generic	1:2	ScriptBlockAst	CommandAst|StringConstantExpressionAst	GenericWordToken
16:9	bare	0	NONE	Generic	16:9	ScriptBlockAst	CommandAst|StringConstantExpressionAst	GenericWordToken
16:9	cmd_arg	0	NONE	Generic	16:9	ScriptBlockAst	CommandAst|StringConstantExpressionAst	GenericWordToken
4:3	bare	0	NONE	Generic	4:3	ScriptBlockAst	CommandAst|StringConstantExpressionAst	GenericWordToken
4:3	cmd_arg	0	NONE	Generic	4:3	ScriptBlockAst	CommandAst|StringConstantExpressionAst	GenericWordToken
10:30	bare	0	NONE	Generic	10:30	ScriptBlockAst	CommandAst|StringConstantExpressionAst	GenericWordToken
10:30	cmd_arg	0	NONE	Generic	10:30	ScriptBlockAst	CommandAst|StringConstantExpressionAst	GenericWordToken
12:00	bare	0	NONE	Generic	12:00	ScriptBlockAst	CommandAst|StringConstantExpressionAst	GenericWordToken
12:00	cmd_arg	0	NONE	Generic	12:00	ScriptBlockAst	CommandAst|StringConstantExpressionAst	GenericWordToken
08:15	bare	0	NONE	Generic	08:15	ScriptBlockAst	CommandAst|StringConstantExpressionAst	GenericWordToken
08:15	cmd_arg	0	NONE	Generic	08:15	ScriptBlockAst	CommandAst|StringConstantExpressionAst	GenericWordToken
12:00:00	bare	0	NONE	Generic	12:00:00	ScriptBlockAst	CommandAst|StringConstantExpressionAst	GenericWordToken
12:00:00	cmd_arg	0	NONE	Generic	12:00:00	ScriptBlockAst	CommandAst|StringConstantExpressionAst	GenericWordToken
10:30am	bare	0	NONE	Generic	10:30am	ScriptBlockAst	CommandAst|StringConstantExpressionAst	GenericWordToken
10:30am	cmd_arg	0	NONE	Generic	10:30am	ScriptBlockAst	CommandAst|StringConstantExpressionAst	GenericWordToken
5:00pm	bare	0	NONE	Generic	5:00pm	ScriptBlockAst	CommandAst|StringConstantExpressionAst	GenericWordToken
5:00pm	cmd_arg	0	NONE	Generic	5:00pm	ScriptBlockAst	CommandAst|StringConstantExpressionAst	GenericWordToken
10:30AM	bare	0	NONE	Generic	10:30AM	ScriptBlockAst	CommandAst|StringConstantExpressionAst	GenericWordToken
10:30AM	cmd_arg	0	NONE	Generic	10:30AM	ScriptBlockAst	CommandAst|StringConstantExpressionAst	GenericWordToken
2026-10-07	bare	0	NONE	Number|Minus|Number|Minus|Number	2026|-|10|-|07	ScriptBlockAst	CommandExpressionAst|BinaryExpressionAst|ConstantExpressionAst	RangeOrBinaryExpression
2026-10-07	cmd_arg	0	NONE	Generic	2026-10-07	ScriptBlockAst	CommandAst|StringConstantExpressionAst	GenericWordToken
10-07-2026	bare	0	NONE	Number|Minus|Number|Minus|Number	10|-|07|-|2026	ScriptBlockAst	CommandExpressionAst|BinaryExpressionAst|ConstantExpressionAst	RangeOrBinaryExpression
10-07-2026	cmd_arg	0	NONE	Generic	10-07-2026	ScriptBlockAst	CommandAst|StringConstantExpressionAst	GenericWordToken
2026/10/07	bare	0	NONE	Number|Divide|Number|Divide|Number	2026|/|10|/|07	ScriptBlockAst	CommandExpressionAst|BinaryExpressionAst|ConstantExpressionAst	RangeOrBinaryExpression
2026/10/07	cmd_arg	0	NONE	Generic	2026/10/07	ScriptBlockAst	CommandAst|StringConstantExpressionAst	GenericWordToken
10/07/2026	bare	0	NONE	Number|Divide|Number|Divide|Number	10|/|07|/|2026	ScriptBlockAst	CommandExpressionAst|BinaryExpressionAst|ConstantExpressionAst	RangeOrBinaryExpression
10/07/2026	cmd_arg	0	NONE	Generic	10/07/2026	ScriptBlockAst	CommandAst|StringConstantExpressionAst	GenericWordToken
1999-12-31	bare	0	NONE	Number|Minus|Number|Minus|Number	1999|-|12|-|31	ScriptBlockAst	CommandExpressionAst|BinaryExpressionAst|ConstantExpressionAst	RangeOrBinaryExpression
1999-12-31	cmd_arg	0	NONE	Generic	1999-12-31	ScriptBlockAst	CommandAst|StringConstantExpressionAst	GenericWordToken
$5	bare	0	NONE	Variable	$5	ScriptBlockAst	CommandExpressionAst|VariableExpressionAst	VariableSyntax
$5	cmd_arg	0	NONE	Variable	$5	ScriptBlockAst	CommandAst|StringConstantExpressionAst|VariableExpressionAst	VariableSyntax
$12	bare	0	NONE	Variable	$12	ScriptBlockAst	CommandExpressionAst|VariableExpressionAst	VariableSyntax
$12	cmd_arg	0	NONE	Variable	$12	ScriptBlockAst	CommandAst|StringConstantExpressionAst|VariableExpressionAst	VariableSyntax
$12.50	bare	0	NONE	Variable|Dot|Number	$12|.|50	ScriptBlockAst	CommandExpressionAst|MemberExpressionAst|VariableExpressionAst|ConstantExpressionAst	VariableSyntax
$12.50	cmd_arg	0	NONE	Variable|Dot|Number	$12|.|50	ScriptBlockAst	CommandAst|StringConstantExpressionAst|MemberExpressionAst|VariableExpressionAst|ConstantExpressionAst	VariableSyntax
$100	bare	0	NONE	Variable	$100	ScriptBlockAst	CommandExpressionAst|VariableExpressionAst	VariableSyntax
$100	cmd_arg	0	NONE	Variable	$100	ScriptBlockAst	CommandAst|StringConstantExpressionAst|VariableExpressionAst	VariableSyntax
$1,000	bare	0	NONE	Variable|Comma|Number	$1|,|000	ScriptBlockAst	CommandExpressionAst|ArrayLiteralAst|VariableExpressionAst|ConstantExpressionAst	VariableSyntax
$1,000	cmd_arg	0	NONE	Variable|Comma|Number	$1|,|000	ScriptBlockAst	CommandAst|StringConstantExpressionAst|ArrayLiteralAst|VariableExpressionAst|ConstantExpressionAst	VariableSyntax
$1,234.56	bare	0	NONE	Variable|Comma|Number	$1|,|234.56	ScriptBlockAst	CommandExpressionAst|ArrayLiteralAst|VariableExpressionAst|ConstantExpressionAst	VariableSyntax
$1,234.56	cmd_arg	0	NONE	Variable|Comma|Number	$1|,|234.56	ScriptBlockAst	CommandAst|StringConstantExpressionAst|ArrayLiteralAst|VariableExpressionAst|ConstantExpressionAst	VariableSyntax
$100M	bare	0	NONE	Variable	$100M	ScriptBlockAst	CommandExpressionAst|VariableExpressionAst	VariableSyntax
$100M	cmd_arg	0	NONE	Variable	$100M	ScriptBlockAst	CommandAst|StringConstantExpressionAst|VariableExpressionAst	VariableSyntax
$50k	bare	0	NONE	Variable	$50k	ScriptBlockAst	CommandExpressionAst|VariableExpressionAst	VariableSyntax
$50k	cmd_arg	0	NONE	Variable	$50k	ScriptBlockAst	CommandAst|StringConstantExpressionAst|VariableExpressionAst	VariableSyntax
£	bare	0	NONE	Generic	£	ScriptBlockAst	CommandAst|StringConstantExpressionAst	GenericWordToken
£	cmd_arg	0	NONE	Generic	£	ScriptBlockAst	CommandAst|StringConstantExpressionAst	GenericWordToken
50	bare	0	NONE	Number	50	ScriptBlockAst	CommandExpressionAst|ConstantExpressionAst	PureNumericLiteral
50	cmd_arg	0	NONE	Number	50	ScriptBlockAst	CommandAst|StringConstantExpressionAst|ConstantExpressionAst	PureNumericLiteral
€	bare	0	NONE	Generic	€	ScriptBlockAst	CommandAst|StringConstantExpressionAst	GenericWordToken
€	cmd_arg	0	NONE	Generic	€	ScriptBlockAst	CommandAst|StringConstantExpressionAst	GenericWordToken
100	bare	0	NONE	Number	100	ScriptBlockAst	CommandExpressionAst|ConstantExpressionAst	PureNumericLiteral
100	cmd_arg	0	NONE	Number	100	ScriptBlockAst	CommandAst|StringConstantExpressionAst|ConstantExpressionAst	PureNumericLiteral
¥	bare	0	NONE	Generic	¥	ScriptBlockAst	CommandAst|StringConstantExpressionAst	GenericWordToken
¥	cmd_arg	0	NONE	Generic	¥	ScriptBlockAst	CommandAst|StringConstantExpressionAst	GenericWordToken
1000	bare	0	NONE	Number	1000	ScriptBlockAst	CommandExpressionAst|ConstantExpressionAst	PureNumericLiteral
1000	cmd_arg	0	NONE	Number	1000	ScriptBlockAst	CommandAst|StringConstantExpressionAst|ConstantExpressionAst	PureNumericLiteral
12%	bare	1	ExpectedValueExpression	Number|Rem	12|%	ScriptBlockAst	CommandExpressionAst|BinaryExpressionAst|ConstantExpressionAst|ErrorExpressionAst	SyntaxError
12%	cmd_arg	0	NONE	Generic	12%	ScriptBlockAst	CommandAst|StringConstantExpressionAst	GenericWordToken
50%	bare	1	ExpectedValueExpression	Number|Rem	50|%	ScriptBlockAst	CommandExpressionAst|BinaryExpressionAst|ConstantExpressionAst|ErrorExpressionAst	SyntaxError
50%	cmd_arg	0	NONE	Generic	50%	ScriptBlockAst	CommandAst|StringConstantExpressionAst	GenericWordToken
100%	bare	1	ExpectedValueExpression	Number|Rem	100|%	ScriptBlockAst	CommandExpressionAst|BinaryExpressionAst|ConstantExpressionAst|ErrorExpressionAst	SyntaxError
100%	cmd_arg	0	NONE	Generic	100%	ScriptBlockAst	CommandAst|StringConstantExpressionAst	GenericWordToken
0.5%	bare	1	ExpectedValueExpression	Number|Rem	0.5|%	ScriptBlockAst	CommandExpressionAst|BinaryExpressionAst|ConstantExpressionAst|ErrorExpressionAst	SyntaxError
0.5%	cmd_arg	0	NONE	Generic	0.5%	ScriptBlockAst	CommandAst|StringConstantExpressionAst	GenericWordToken
99.9%	bare	1	ExpectedValueExpression	Number|Rem	99.9|%	ScriptBlockAst	CommandExpressionAst|BinaryExpressionAst|ConstantExpressionAst|ErrorExpressionAst	SyntaxError
99.9%	cmd_arg	0	NONE	Generic	99.9%	ScriptBlockAst	CommandAst|StringConstantExpressionAst	GenericWordToken
3.5%	bare	1	ExpectedValueExpression	Number|Rem	3.5|%	ScriptBlockAst	CommandExpressionAst|BinaryExpressionAst|ConstantExpressionAst|ErrorExpressionAst	SyntaxError
3.5%	cmd_arg	0	NONE	Generic	3.5%	ScriptBlockAst	CommandAst|StringConstantExpressionAst	GenericWordToken
1st	bare	0	NONE	Generic	1st	ScriptBlockAst	CommandAst|StringConstantExpressionAst	GenericWordToken
1st	cmd_arg	0	NONE	Generic	1st	ScriptBlockAst	CommandAst|StringConstantExpressionAst	GenericWordToken
2nd	bare	0	NONE	Generic	2nd	ScriptBlockAst	CommandAst|StringConstantExpressionAst	GenericWordToken
2nd	cmd_arg	0	NONE	Generic	2nd	ScriptBlockAst	CommandAst|StringConstantExpressionAst	GenericWordToken
3rd	bare	0	NONE	Generic	3rd	ScriptBlockAst	CommandAst|StringConstantExpressionAst	GenericWordToken
3rd	cmd_arg	0	NONE	Generic	3rd	ScriptBlockAst	CommandAst|StringConstantExpressionAst	GenericWordToken
4th	bare	0	NONE	Generic	4th	ScriptBlockAst	CommandAst|StringConstantExpressionAst	GenericWordToken
4th	cmd_arg	0	NONE	Generic	4th	ScriptBlockAst	CommandAst|StringConstantExpressionAst	GenericWordToken
5th	bare	0	NONE	Generic	5th	ScriptBlockAst	CommandAst|StringConstantExpressionAst	GenericWordToken
5th	cmd_arg	0	NONE	Generic	5th	ScriptBlockAst	CommandAst|StringConstantExpressionAst	GenericWordToken
21st	bare	0	NONE	Generic	21st	ScriptBlockAst	CommandAst|StringConstantExpressionAst	GenericWordToken
21st	cmd_arg	0	NONE	Generic	21st	ScriptBlockAst	CommandAst|StringConstantExpressionAst	GenericWordToken
22nd	bare	0	NONE	Generic	22nd	ScriptBlockAst	CommandAst|StringConstantExpressionAst	GenericWordToken
22nd	cmd_arg	0	NONE	Generic	22nd	ScriptBlockAst	CommandAst|StringConstantExpressionAst	GenericWordToken
23rd	bare	0	NONE	Generic	23rd	ScriptBlockAst	CommandAst|StringConstantExpressionAst	GenericWordToken
23rd	cmd_arg	0	NONE	Generic	23rd	ScriptBlockAst	CommandAst|StringConstantExpressionAst	GenericWordToken
31st	bare	0	NONE	Generic	31st	ScriptBlockAst	CommandAst|StringConstantExpressionAst	GenericWordToken
31st	cmd_arg	0	NONE	Generic	31st	ScriptBlockAst	CommandAst|StringConstantExpressionAst	GenericWordToken
100th	bare	0	NONE	Generic	100th	ScriptBlockAst	CommandAst|StringConstantExpressionAst	GenericWordToken
100th	cmd_arg	0	NONE	Generic	100th	ScriptBlockAst	CommandAst|StringConstantExpressionAst	GenericWordToken
21ST	bare	0	NONE	Generic	21ST	ScriptBlockAst	CommandAst|StringConstantExpressionAst	GenericWordToken
21ST	cmd_arg	0	NONE	Generic	21ST	ScriptBlockAst	CommandAst|StringConstantExpressionAst	GenericWordToken
10kb	bare	0	NONE	Number	10kb	ScriptBlockAst	CommandExpressionAst|ConstantExpressionAst	PureNumericLiteral
10kb	cmd_arg	0	NONE	Number	10kb	ScriptBlockAst	CommandAst|StringConstantExpressionAst|ConstantExpressionAst	PureNumericLiteral
10mb	bare	0	NONE	Number	10mb	ScriptBlockAst	CommandExpressionAst|ConstantExpressionAst	PureNumericLiteral
10mb	cmd_arg	0	NONE	Number	10mb	ScriptBlockAst	CommandAst|StringConstantExpressionAst|ConstantExpressionAst	PureNumericLiteral
1gb	bare	0	NONE	Number	1gb	ScriptBlockAst	CommandExpressionAst|ConstantExpressionAst	PureNumericLiteral
1gb	cmd_arg	0	NONE	Number	1gb	ScriptBlockAst	CommandAst|StringConstantExpressionAst|ConstantExpressionAst	PureNumericLiteral
10TB	bare	0	NONE	Number	10TB	ScriptBlockAst	CommandExpressionAst|ConstantExpressionAst	PureNumericLiteral
10TB	cmd_arg	0	NONE	Number	10TB	ScriptBlockAst	CommandAst|StringConstantExpressionAst|ConstantExpressionAst	PureNumericLiteral
12kg	bare	0	NONE	Generic	12kg	ScriptBlockAst	CommandAst|StringConstantExpressionAst	GenericWordToken
12kg	cmd_arg	0	NONE	Generic	12kg	ScriptBlockAst	CommandAst|StringConstantExpressionAst	GenericWordToken
50g	bare	0	NONE	Generic	50g	ScriptBlockAst	CommandAst|StringConstantExpressionAst	GenericWordToken
50g	cmd_arg	0	NONE	Generic	50g	ScriptBlockAst	CommandAst|StringConstantExpressionAst	GenericWordToken
100m	bare	0	NONE	Generic	100m	ScriptBlockAst	CommandAst|StringConstantExpressionAst	GenericWordToken
100m	cmd_arg	0	NONE	Generic	100m	ScriptBlockAst	CommandAst|StringConstantExpressionAst	GenericWordToken
5km	bare	0	NONE	Generic	5km	ScriptBlockAst	CommandAst|StringConstantExpressionAst	GenericWordToken
5km	cmd_arg	0	NONE	Generic	5km	ScriptBlockAst	CommandAst|StringConstantExpressionAst	GenericWordToken
50mph	bare	0	NONE	Generic	50mph	ScriptBlockAst	CommandAst|StringConstantExpressionAst	GenericWordToken
50mph	cmd_arg	0	NONE	Generic	50mph	ScriptBlockAst	CommandAst|StringConstantExpressionAst	GenericWordToken
100km/h	bare	0	NONE	Generic	100km/h	ScriptBlockAst	CommandAst|StringConstantExpressionAst	GenericWordToken
100km/h	cmd_arg	0	NONE	Generic	100km/h	ScriptBlockAst	CommandAst|StringConstantExpressionAst	GenericWordToken
35mm	bare	0	NONE	Generic	35mm	ScriptBlockAst	CommandAst|StringConstantExpressionAst	GenericWordToken
35mm	cmd_arg	0	NONE	Generic	35mm	ScriptBlockAst	CommandAst|StringConstantExpressionAst	GenericWordToken
60s	bare	0	NONE	Number	60s	ScriptBlockAst	CommandExpressionAst|ConstantExpressionAst	PureNumericLiteral
60s	cmd_arg	0	NONE	Number	60s	ScriptBlockAst	CommandAst|StringConstantExpressionAst|ConstantExpressionAst	PureNumericLiteral
120min	bare	0	NONE	Generic	120min	ScriptBlockAst	CommandAst|StringConstantExpressionAst	GenericWordToken
120min	cmd_arg	0	NONE	Generic	120min	ScriptBlockAst	CommandAst|StringConstantExpressionAst	GenericWordToken
24h	bare	0	NONE	Generic	24h	ScriptBlockAst	CommandAst|StringConstantExpressionAst	GenericWordToken
24h	cmd_arg	0	NONE	Generic	24h	ScriptBlockAst	CommandAst|StringConstantExpressionAst	GenericWordToken
200hp	bare	0	NONE	Generic	200hp	ScriptBlockAst	CommandAst|StringConstantExpressionAst	GenericWordToken
200hp	cmd_arg	0	NONE	Generic	200hp	ScriptBlockAst	CommandAst|StringConstantExpressionAst	GenericWordToken
5V	bare	0	NONE	Generic	5V	ScriptBlockAst	CommandAst|StringConstantExpressionAst	GenericWordToken
5V	cmd_arg	0	NONE	Generic	5V	ScriptBlockAst	CommandAst|StringConstantExpressionAst	GenericWordToken
12V	bare	0	NONE	Generic	12V	ScriptBlockAst	CommandAst|StringConstantExpressionAst	GenericWordToken
12V	cmd_arg	0	NONE	Generic	12V	ScriptBlockAst	CommandAst|StringConstantExpressionAst	GenericWordToken
220V	bare	0	NONE	Generic	220V	ScriptBlockAst	CommandAst|StringConstantExpressionAst	GenericWordToken
220V	cmd_arg	0	NONE	Generic	220V	ScriptBlockAst	CommandAst|StringConstantExpressionAst	GenericWordToken
50Hz	bare	0	NONE	Generic	50Hz	ScriptBlockAst	CommandAst|StringConstantExpressionAst	GenericWordToken
50Hz	cmd_arg	0	NONE	Generic	50Hz	ScriptBlockAst	CommandAst|StringConstantExpressionAst	GenericWordToken
60Hz	bare	0	NONE	Generic	60Hz	ScriptBlockAst	CommandAst|StringConstantExpressionAst	GenericWordToken
60Hz	cmd_arg	0	NONE	Generic	60Hz	ScriptBlockAst	CommandAst|StringConstantExpressionAst	GenericWordToken
