sentence_id	token_text	sma_kind	span	spacy_pos	spacy_dep	ast_parent_type
3	In	In	0..2	ADP	prep	CommandAst
28	In	In	0..2	ADP	prep	CommandAst
36	In	In	0..2	ADP	prep	CommandAst
61	In	In	0..2	ADP	prep	CommandAst
82	In	In	0..2	ADP	prep	CommandAst
92	In	In	0..2	ADP	prep	CommandAst
103	In	In	0..2	ADP	prep	CommandAst
138	In	In	0..2	ADP	prep	CommandAst
155	In	In	0..2	ADP	prep	CommandAst
156	In	In	0..2	ADP	prep	CommandAst
158	In	In	0..2	ADP	prep	CommandAst
166	In	In	0..2	ADP	ROOT	CommandAst
172	In	In	0..2	ADP	prep	CommandAst
182	While	While	0..5	SCONJ	mark	NamedBlockAst
186	In	In	0..2	ADP	prep	CommandAst
201	In	In	0..2	ADP	prep	CommandAst
202	In	In	0..2	ADP	prep	CommandAst
208	For	For	0..3	ADP	prep	NamedBlockAst
211	In	In	0..2	ADP	prep	CommandAst
215	In	In	0..2	ADP	prep	CommandAst
238	If	If	0..2	SCONJ	mark	NamedBlockAst
271	In	In	0..2	ADP	prep	CommandAst
274	In	In	0..2	ADP	prep	CommandAst
275	In	In	0..2	ADP	prep	CommandAst
287	In	In	0..2	ADP	prep	CommandAst
296	In	In	0..2	ADP	prep	CommandAst
345	In	In	0..2	ADP	prep	CommandAst
350	In	In	0..2	ADP	prep	CommandAst
384	In	In	0..2	ADP	prep	CommandAst
400	In	In	0..2	ADP	prep	CommandAst
415	In	In	0..2	ADP	prep	CommandAst
492	In	In	0..2	ADP	prep	CommandAst
495	In	In	0..2	ADP	prep	CommandAst
