13	1	MissingArgument	The i-stems descended from PIE nouns in -is, many of which were feminine abstract nouns in -tis.
16	2	MissingArgument,TerminatorExpectedAtEndOfString	Rather, Siddhartha's insights into old age, sickness and death were abstract considerations.
18	1	TerminatorExpectedAtEndOfString	Whitehead's lemma is a technical result in abstract algebra used in algebraic K-theory.
21	1	TerminatorExpectedAtEndOfString	Tumarkin's sculpture still dealt with it, but began to express it in a variety of more abstract ways.
22	1	MissingArgument	Indeed, there exist abstract ovals which can not lie in any projective plane.
29	1	MissingArgument	Moreover, different abstract machines define different primitive operations, which are operations that can be performed in constant time.
40	1	MissingEndParenthesisInExpression	Pediatr Res 33, 184A, 1993 (abstract #1089).
48	1	TerminatorExpectedAtEndOfString	Loizides' work falls into the category of geometrical abstract art.
50	1	TerminatorExpectedAtEndOfString	Bachman's work is typically abstract, displaying futurism.
52	1	TerminatorExpectedAtEndOfString	Rimbaud's style and syntactical choices pointed to Symbolist tendencies, including the use of abstract plural nouns.
67	1	MissingArgument	Thus, people with Schizophrenia have trouble making inferences about social situations and settings that deal with abstract aspects.
68	1	TerminatorExpectedAtEndOfString	It was based on the painter's intention to create a certain design out of an abstract process.
75	1	MissingArgument	Therefore, the artist neither performs in narrative scripts, nor composes after effects of rhetoric of the proper abstract image.
84	1	MissingArgument	The other parts of Vedas are the Samhitas (benedictions, hymns), Brahmanas (commentary), and the Upanishads (spirituality and abstract philosophy).
85	1	TerminatorExpectedAtEndOfString	Goldoni's main characters are no abstract examples of human virtue, nor monstrous examples of human vice.
96	1	MissingArgument	Some conditions they face include no time off; sexual, physical, and emotional abuse; withholding of wages; and restrictions of movement.
101	1	MissingArgument	However, the stress encountered while recording Fun Terminal, drug abuse, alcoholism, and family commitments changed the scope of the band.
104	1	TerminatorExpectedAtEndOfString	But day after day, Ilavarasi's father continues to verbally abuse them and looks at them as thieves.
105	1	TerminatorExpectedAtEndOfString	The album's lyrics focus on subjects such as propaganda, Catholic sex abuse cases, terrorism and fame.
111	1	TerminatorExpectedAtEndOfString	Mr Burarrwanga's wider interests include Indigenous health, education and social issues, particularly substance abuse, domestic violence and family health.
114	1	MissingArgument	However, history has still shown the abuse of the vulnerable members of society through medical and psychiatric institutions.
120	1	TerminatorExpectedAtEndOfString	His abuse is interrupted by the arrival of Ramvati's son, Jeeva, who intervenes.
131	1	TerminatorExpectedAtEndOfString	Environmental factors in the individual's adolescence include: child abuse, exposure to drugs, lack of supervision, media influence, and peer pressure.
147	1	TerminatorExpectedAtEndOfString	We didn't say 'We need a drug song or a child abuse song,' but when they fit, we used them.
155	1	TerminatorExpectedAtEndOfString	In Ramona v. Isabella, Gary Ramona sued his daughter's therapist for implanting false memories of his abuse of her.
157	1	MissingArgument	Compton, much like the rest of the nation, it troubled with drug abuse problems and street gang violence.
162	1	TerminatorExpectedAtEndOfString	Satan's Silence: Ritual Abuse and the Making of a Modern American Witch Hunt.
178	1	MissingArgument	Litigants, attorneys, law enforcement and judiciary can abuse the system, sometimes accidentally but more often intentionally.
182	1	MissingOpenParenthesisAfterKeyword	While the Chipmunks like Samantha, her son Miles is a bully who physically abuses the trio.
199	1	TerminatorExpectedAtEndOfString	He cruelly abuses her, as Cathy's marriage to Edgar continues to torment him.
207	1	TerminatorExpectedAtEndOfString	The society's goals were to oppose superstition, obscurantism, religious influence over public life and abuses of state power.
208	2	MissingOpenParenthesisAfterKeyword,MissingArgument	For example, a World Rainforest Movement report documents land disputes and human rights abuses at Mount Elgon.
216	1	TerminatorExpectedAtEndOfString	Canada became an outspoken critic of the Taliban's human rights abuses against the citizens of Afghanistan.
217	1	MissingArgument	Instead, he finds that the Ultor Corporation abuses the workers and forces them to endure hazardous living conditions.
220	1	TerminatorExpectedAtEndOfString	As a result, sponsors may restrict workers' movements and workers may be afraid to report abuses or claim their rights.
238	1	MissingOpenParenthesisInIfStatement	If you cannot permit abuses, you must at least tolerate them.
243	1	TerminatorExpectedAtEndOfString	He was elected to the colony's assembly and spoke out against governmental abuses.
245	1	MissingArgument	Meanwhile, the minimum wage remains well below that on the U.S. mainland, and abuses of vulnerable workers are commonplace.
248	1	TerminatorExpectedAtEndOfString	Throughout the novel, Rowdy's father abuses him, which leads to his bully-like behavior.
267	1	MissingArgument	Nonetheless, when government abuses against the leaders of the WFM seemed too egregious, Gompers relented and offered assistance.
285	1	TerminatorExpectedAtEndOfString	Hunt's mother was a drug addict and he was mostly raised by his grandmother.
288	1	TerminatorExpectedAtEndOfString	Justine's twin, Joshua, was admitted to the program because he was an addict.
290	1	TerminatorExpectedAtEndOfString	The Doctor is accompanied on this task by Rigg's co-pilot, Secker, who, it becomes apparent, is a drug addict.
291	1	TerminatorExpectedAtEndOfString	She's a former drug addict and prostitute, which has a negative impact on Jay.
301	2	TerminatorExpectedAtEndOfString,MissingEndParenthesisInExpression	Her son (Becca's brother, Arthur), a heroin addict, hanged himself at the age of 30.
304	2	TerminatorExpectedAtEndOfString,MissingEndParenthesisInExpression	When creating the three circles diagram, the addict draws three concentric circles, one inside the other (like a bull's eye).
308	1	TerminatorExpectedAtEndOfString	Frank Dillane as Nick Clark, Madison's 19-year-old son, a heroin addict who flunked out of community college.
309	1	MissingArgument	Additionally, enrolling an addict in a drug court program costs much less than incarcerating one in prison.
324	1	MissingArgument	Stinson, a long-term alcoholic and drug addict, died on February 18, 1995.
325	1	TerminatorExpectedAtEndOfString	He's done things that no other psychologist has done in treating the psychotic and the drug addict.
331	1	TerminatorExpectedAtEndOfString	Discounting Curatolo's testimony as self-contradictory, the judges observed that he was a heroin addict.
336	1	TerminatorExpectedAtEndOfString	Orgasm Addict was released as the Buzzcocks' debut single on 4 November 1977.
339	1	TerminatorExpectedAtEndOfString	His father was a heroin addict, and Odom's mother died of colon cancer when he was twelve years old.
350	1	TerminatorExpectedAtEndOfString	In 1995, Hoffman started performing with her high school classmate Ben Lee's pop/punk band Noise Addict as a 15-year-old guitarist.
357	1	MissingArgument	He had been an occasional drug addict; now, to make up for lost income, he took to selling drugs.
374	1	TerminatorExpectedAtEndOfString	Shashank's younger brother Sunil Manohar has also served as the Advocate General of Maharashtra.
377	1	TerminatorExpectedAtEndOfString	Certain right-wing localist groups also advocate for a more aggressive and militant approach in defending Hong Kong people's interests.
393	1	TerminatorExpectedAtEndOfString	This economic decline made the city's elite dependent on royal and ecclesiastical appointment and thus, reluctant to advocate independence.
409	1	TerminatorExpectedAtEndOfString	Advocate reports on closure of case on Timur Kuashev's death.
413	2	MissingEndParenthesisInExpression,UnexpectedToken	Ryan Kim-Scout Sallans (born Kimberly Ann Sallans; 1979) is an American LGBT rights advocate and out trans man.
419	1	MissingArgument	However, apart from Germany, one does not necessarily have to be an advocate to practice law.
423	1	TerminatorExpectedAtEndOfString	By her Ferguson had a daughter, who in 1730 married M. Gerard Vink, advocate, 's-Hertogenbosch.
429	1	TerminatorExpectedAtEndOfString	World's Worst Mom is hosted by columnist and Free Range Kids advocate, Lenore Skenazy.
446	1	TerminatorExpectedAtEndOfString	Darbishire was a particular advocate of women's right to education.
449	1	MissingArgument	Recessive, dominant, X-linked or mitochondrial genetic mutations can affect the structure or metabolism of the inner ear.
453	1	MissingArgument	Therefore, signals from an interval approximately into the future affect the acceleration in the present.
465	1	MissingArgument	Additionally, other psychological constructs suggest further limits on how context can affect memory.
477	1	MissingArgument	Thus, mutations in the enzyme can affect transcription elongation.
479	1	MissingArgument	However, this finding may have little to do with affect derived from events experienced at work.
481	1	MissingArgument	Second, the interactional approach does not seek to enhance the affect-processing capacities of computer systems.
483	1	TerminatorExpectedAtEndOfString	It is arguable how such a reduction in size would affect the Bundeswehr's capabilities.
484	1	MissingArgument	Cats, like all living organisms, occasionally have mutations that affect their body type.
