id	bytes	sha256	source
1342	752487	43D21A8BFF4828FF7BF966F928187B6885A0ED50ABD16433BC41D7D73740021C	https://www.gutenberg.org/cache/epub/1342/pg1342.txt
84	428903	AF10BAC042D03E093BA6E6EF56F4B98F45A0C278D633C8F348DA12590CAF94A5	https://www.gutenberg.org/cache/epub/84/pg84.txt
11	154483	EF31A0E611599ECBC9177FD95D2A7C8E74A349C277A9298EFF0556641D3386CF	https://www.gutenberg.org/cache/epub/11/pg11.txt
2701	1256453	76FA27147C4354DD190955CCE30BFDB578109E782A5CB08990D323A75E2D4494	https://www.gutenberg.org/cache/epub/2701/pg2701.txt
1661	587736	6AB87B6E06FF6617C2B5D235AF1F62395097AD1AC0CC360655D2807FDB5ED2E9	https://www.gutenberg.org/cache/epub/1661/pg1661.txt
98	787413	FD3BB9A03DEBEE76ED2FC0C62BD0F1DB1C65EEB6FC3E5282E6BDB01B864D1F3B	https://www.gutenberg.org/cache/epub/98/pg98.txt
345	870589	0626D5335F4E2F1A9F364D96E3295BD79CC59035E4F4528AA952DCDAD07F15C2	https://www.gutenberg.org/cache/epub/345/pg345.txt
174	445996	731379923D72861E3246B307489C185BA7C316A5788EC278EC07A8A1CA6ED096	https://www.gutenberg.org/cache/epub/174/pg174.txt
76	602635	861D0D5FE1E576B4D37C70D318F68AD8EFF94B640B1C1475E0B624868BDB0813	https://www.gutenberg.org/cache/epub/76/pg76.txt
74	414530	7EF2EE4BA769CD1048EEABE3FC1CC706958DEFFD5F88FF26F473B4E9F25B9A34	https://www.gutenberg.org/cache/epub/74/pg74.txt
1260	1064972	8936FC05658F44902B40C56CA5478388684005DFE2AA04F2622E1324E4BA2108	https://www.gutenberg.org/cache/epub/1260/pg1260.txt
768	674069	1BC56A92CA21B98740A44D09D71675605A9E9E6F68DE0D27D58E78B807D0F12D	https://www.gutenberg.org/cache/epub/768/pg768.txt
2600	3339794	A5CC99893D57434DF2CEBF9BE20762DA4767F6C2963DD4B57A68608F99535566	https://www.gutenberg.org/cache/epub/2600/pg2600.txt
5200	121636	D18D1599B6B726B030CA91465E21C9BEA9A583D966D43CD17C5A0140FE81B3BF	https://www.gutenberg.org/cache/epub/5200/pg5200.txt
1080	19858	9B91A981AD52BF687D9A12E236A1E5A370CDCF7962F3D744EFB28E01CC5E2D1F	https://www.gutenberg.org/cache/epub/1080/pg1080.txt
4300	1566615	1DCC267DF23EB0C732609FCD96317F8B592568148B0FC8FCE2E765981B538F10	https://www.gutenberg.org/cache/epub/4300/pg4300.txt
135	3349409	FF81658E31CBF7A6CC79F3B82E387E0A2C9F7F1DF747B27C8CA2FFF255B2EE24	https://www.gutenberg.org/cache/epub/135/pg135.txt
1400	1038416	E17A38E1E0F59D8F672FF0A1542480464AA4F7E7DE423E3C6AF73D707C37A636	https://www.gutenberg.org/cache/epub/1400/pg1400.txt
46	162278	29A159C6DF6AE1444D450483E5B0B88162233E7410B65609BD070E8CEE467AFB	https://www.gutenberg.org/cache/epub/46/pg46.txt
120	380111	A4D7E4618DA7F00780CCFE914B056B59996533170E0319EE51C109FDA3EBA74E	https://www.gutenberg.org/cache/epub/120/pg120.txt
215	179957	45DE9732A3F048CB80649E6F8AF24D4B196EF76C06AC39EAEA658CF4C5CA92D3	https://www.gutenberg.org/cache/epub/215/pg215.txt
36	346884	706F656F4EF2DF8705D84D6CCA20D4F5FF442102A8CC7ADAF64AC318D80ABF87	https://www.gutenberg.org/cache/epub/36/pg36.txt
35	184665	5653945DB706FE132C6507DF5F2937FB70B14E0D8BD973B95CA3F457F2D6DDD2	https://www.gutenberg.org/cache/epub/35/pg35.txt
43	143635	988964369426E6698BFA412FF9B8B5A811172C1751004D4CD3CF10275EA1FA36	https://www.gutenberg.org/cache/epub/43/pg43.txt
1184	2767257	1AADB9E9232D941CA5B510C4381706C8FC5034217F68AB07039D9B0259575D7B	https://www.gutenberg.org/cache/epub/1184/pg1184.txt
2554	1181895	8AE63D796590370D196478AAD6DF4072D20F798B5D6AAD568A05C043DBCB8499	https://www.gutenberg.org/cache/epub/2554/pg2554.txt
28054	2019345	5E43F95800C0E62C46D4E369EA5BD8D90EB99D00F0558EE2B017AEB91DE4DFB3	https://www.gutenberg.org/cache/epub/28054/pg28054.txt
3207	1235199	712CC5D48AE24D78CB798B3322E5FE41AA88538BF69F6423DF3305CF0B0C7157	https://www.gutenberg.org/cache/epub/3207/pg3207.txt
1232	288229	B4167D1FD805FB7BB93FD8A0F8AF9943DFFB03BB4F221DC678A3775F5A843545	https://www.gutenberg.org/cache/epub/1232/pg1232.txt
205	648066	2159E67243A412D95DF01C741305A5961DF3BCD97D2FA8F4E888272976F2E36A	https://www.gutenberg.org/cache/epub/205/pg205.txt
2814	385954	EB3FC36A11C9159F3D77A7A6AD1F17F2B8F9411030229C107EF6D2A8E2DC94AC	https://www.gutenberg.org/cache/epub/2814/pg2814.txt
158	913985	521215151012E5147EA25138042938348BF4722C631BA153C5AEE29DC26A8877	https://www.gutenberg.org/cache/epub/158/pg158.txt
161	693098	C3C9F71BB9BF4F8942ECFF50697B2E08BE4CF872BBF081BCB813F606947BA0E6	https://www.gutenberg.org/cache/epub/161/pg161.txt
105	477772	F8B06C5D38C20E6FE2B5378E2A39B3E147D89A2956074801F237463368B6C2EE	https://www.gutenberg.org/cache/epub/105/pg105.txt
1952	32761	E2D93F584CDDA08D7AB7E1B267C5AC3281BFA2CD47627476F86CA47CAFBEDFA4	https://www.gutenberg.org/cache/epub/1952/pg1952.txt
64317	286681	EB882E8766082167D5C90389778E729848266EF22C49A338EF9D0F0298245CCC	https://www.gutenberg.org/cache/epub/64317/pg64317.txt
2591	540340	C3565D971749082B11B7DBA32760351C2ACAD44CE24F42549B1AA3EB6A1D3CB1	https://www.gutenberg.org/cache/epub/2591/pg2591.txt
1497	1224390	757456CB5DF8DFF9E02EC06001B9D19C8E3C6496285CF203782C46D83DB0EF35	https://www.gutenberg.org/cache/epub/1497/pg1497.txt
3600	3085730	7B343778EFE3EC7CC8A5D8050C97CE6A0A33D59C0628748817A33EF3F629AE5B	https://www.gutenberg.org/cache/epub/3600/pg3600.txt
23	229098	2B59091E1974D70FF25DC6423355F717F946DB8D63D965A53AA22D7E2191F017	https://www.gutenberg.org/cache/epub/23/pg23.txt
