config_key	errors	failing_sent	useful_ast	boundary_diff	mut_count	fidelity_passed
pre=none|apos=none|hash=none|semi=none|term=none|hyph=none|quot=none	7	6	338	115	0	True
pre=none|apos=none|hash=none|semi=none|term=none|hyph=none|quot=guillemets	7	6	366	115	1	True
pre=none|apos=none|hash=none|semi=none|term=none|hyph=unicode|quot=none	6	5	337	116	1	True
pre=none|apos=none|hash=none|semi=none|term=none|hyph=unicode|quot=guillemets	6	5	365	116	2	True
pre=none|apos=none|hash=none|semi=none|term=space|hyph=none|quot=none	7	6	361	94	1	True
pre=none|apos=none|hash=none|semi=none|term=space|hyph=none|quot=guillemets	7	6	389	94	2	True
pre=none|apos=none|hash=none|semi=none|term=space|hyph=unicode|quot=none	6	5	361	94	2	True
pre=none|apos=none|hash=none|semi=none|term=space|hyph=unicode|quot=guillemets	6	5	389	94	3	True
pre=none|apos=none|hash=none|semi=none|term=nbsp|hyph=none|quot=none	7	6	361	94	1	True
pre=none|apos=none|hash=none|semi=none|term=nbsp|hyph=none|quot=guillemets	7	6	389	94	2	True
pre=none|apos=none|hash=none|semi=none|term=nbsp|hyph=unicode|quot=none	6	5	361	94	2	True
pre=none|apos=none|hash=none|semi=none|term=nbsp|hyph=unicode|quot=guillemets	6	5	389	94	3	True
pre=none|apos=none|hash=none|semi=fullwidth|term=none|hyph=none|quot=none	7	6	339	116	1	True
pre=none|apos=none|hash=none|semi=fullwidth|term=none|hyph=none|quot=guillemets	7	6	367	116	2	True
pre=none|apos=none|hash=none|semi=fullwidth|term=none|hyph=unicode|quot=none	6	5	338	117	2	True
pre=none|apos=none|hash=none|semi=fullwidth|term=none|hyph=unicode|quot=guillemets	6	5	366	117	3	True
pre=none|apos=none|hash=none|semi=fullwidth|term=space|hyph=none|quot=none	7	6	362	95	2	True
pre=none|apos=none|hash=none|semi=fullwidth|term=space|hyph=none|quot=guillemets	7	6	390	95	3	True
pre=none|apos=none|hash=none|semi=fullwidth|term=space|hyph=unicode|quot=none	6	5	362	95	3	True
pre=none|apos=none|hash=none|semi=fullwidth|term=space|hyph=unicode|quot=guillemets	6	5	390	95	4	True
pre=none|apos=none|hash=none|semi=fullwidth|term=nbsp|hyph=none|quot=none	7	6	362	95	2	True
pre=none|apos=none|hash=none|semi=fullwidth|term=nbsp|hyph=none|quot=guillemets	7	6	390	95	3	True
pre=none|apos=none|hash=none|semi=fullwidth|term=nbsp|hyph=unicode|quot=none	6	5	362	95	3	True
pre=none|apos=none|hash=none|semi=fullwidth|term=nbsp|hyph=unicode|quot=guillemets	6	5	390	95	4	True
pre=none|apos=none|hash=fullwidth|semi=none|term=none|hyph=none|quot=none	7	6	338	115	1	True
pre=none|apos=none|hash=fullwidth|semi=none|term=none|hyph=none|quot=guillemets	7	6	366	115	2	True
pre=none|apos=none|hash=fullwidth|semi=none|term=none|hyph=unicode|quot=none	6	5	337	116	2	True
pre=none|apos=none|hash=fullwidth|semi=none|term=none|hyph=unicode|quot=guillemets	6	5	365	116	3	True
pre=none|apos=none|hash=fullwidth|semi=none|term=space|hyph=none|quot=none	7	6	361	94	2	True
pre=none|apos=none|hash=fullwidth|semi=none|term=space|hyph=none|quot=guillemets	7	6	389	94	3	True
pre=none|apos=none|hash=fullwidth|semi=none|term=space|hyph=unicode|quot=none	6	5	361	94	3	True
pre=none|apos=none|hash=fullwidth|semi=none|term=space|hyph=unicode|quot=guillemets	6	5	389	94	4	True
pre=none|apos=none|hash=fullwidth|semi=none|term=nbsp|hyph=none|quot=none	7	6	361	94	2	True
pre=none|apos=none|hash=fullwidth|semi=none|term=nbsp|hyph=none|quot=guillemets	7	6	389	94	3	True
pre=none|apos=none|hash=fullwidth|semi=none|term=nbsp|hyph=unicode|quot=none	6	5	361	94	3	True
pre=none|apos=none|hash=fullwidth|semi=none|term=nbsp|hyph=unicode|quot=guillemets	6	5	389	94	4	True
pre=none|apos=none|hash=fullwidth|semi=fullwidth|term=none|hyph=none|quot=none	7	6	339	116	2	True
pre=none|apos=none|hash=fullwidth|semi=fullwidth|term=none|hyph=none|quot=guillemets	7	6	367	116	3	True
pre=none|apos=none|hash=fullwidth|semi=fullwidth|term=none|hyph=unicode|quot=none	6	5	338	117	3	True
pre=none|apos=none|hash=fullwidth|semi=fullwidth|term=none|hyph=unicode|quot=guillemets	6	5	366	117	4	True
pre=none|apos=none|hash=fullwidth|semi=fullwidth|term=space|hyph=none|quot=none	7	6	362	95	3	True
pre=none|apos=none|hash=fullwidth|semi=fullwidth|term=space|hyph=none|quot=guillemets	7	6	390	95	4	True
pre=none|apos=none|hash=fullwidth|semi=fullwidth|term=space|hyph=unicode|quot=none	6	5	362	95	4	True
pre=none|apos=none|hash=fullwidth|semi=fullwidth|term=space|hyph=unicode|quot=guillemets	6	5	390	95	5	True
pre=none|apos=none|hash=fullwidth|semi=fullwidth|term=nbsp|hyph=none|quot=none	7	6	362	95	3	True
pre=none|apos=none|hash=fullwidth|semi=fullwidth|term=nbsp|hyph=none|quot=guillemets	7	6	390	95	4	True
pre=none|apos=none|hash=fullwidth|semi=fullwidth|term=nbsp|hyph=unicode|quot=none	6	5	362	95	4	True
pre=none|apos=none|hash=fullwidth|semi=fullwidth|term=nbsp|hyph=unicode|quot=guillemets	6	5	390	95	5	True
pre=none|apos=escaped|hash=none|semi=none|term=none|hyph=none|quot=none	4	4	377	115	1	True
pre=none|apos=escaped|hash=none|semi=none|term=none|hyph=none|quot=guillemets	4	4	405	115	2	True
pre=none|apos=escaped|hash=none|semi=none|term=none|hyph=unicode|quot=none	3	3	376	116	2	True
pre=none|apos=escaped|hash=none|semi=none|term=none|hyph=unicode|quot=guillemets	3	3	404	116	3	True
pre=none|apos=escaped|hash=none|semi=none|term=space|hyph=none|quot=none	4	4	403	94	2	True
pre=none|apos=escaped|hash=none|semi=none|term=space|hyph=none|quot=guillemets	4	4	431	94	3	True
pre=none|apos=escaped|hash=none|semi=none|term=space|hyph=unicode|quot=none	3	3	403	94	3	True
pre=none|apos=escaped|hash=none|semi=none|term=space|hyph=unicode|quot=guillemets	3	3	431	94	4	True
pre=none|apos=escaped|hash=none|semi=none|term=nbsp|hyph=none|quot=none	4	4	403	94	2	True
pre=none|apos=escaped|hash=none|semi=none|term=nbsp|hyph=none|quot=guillemets	4	4	431	94	3	True
pre=none|apos=escaped|hash=none|semi=none|term=nbsp|hyph=unicode|quot=none	3	3	403	94	3	True
pre=none|apos=escaped|hash=none|semi=none|term=nbsp|hyph=unicode|quot=guillemets	3	3	431	94	4	True
pre=none|apos=escaped|hash=none|semi=fullwidth|term=none|hyph=none|quot=none	4	4	378	116	2	True
pre=none|apos=escaped|hash=none|semi=fullwidth|term=none|hyph=none|quot=guillemets	4	4	406	116	3	True
pre=none|apos=escaped|hash=none|semi=fullwidth|term=none|hyph=unicode|quot=none	3	3	377	117	3	True
pre=none|apos=escaped|hash=none|semi=fullwidth|term=none|hyph=unicode|quot=guillemets	3	3	405	117	4	True
pre=none|apos=escaped|hash=none|semi=fullwidth|term=space|hyph=none|quot=none	4	4	404	95	3	True
pre=none|apos=escaped|hash=none|semi=fullwidth|term=space|hyph=none|quot=guillemets	4	4	432	95	4	True
pre=none|apos=escaped|hash=none|semi=fullwidth|term=space|hyph=unicode|quot=none	3	3	404	95	4	True
pre=none|apos=escaped|hash=none|semi=fullwidth|term=space|hyph=unicode|quot=guillemets	3	3	432	95	5	True
pre=none|apos=escaped|hash=none|semi=fullwidth|term=nbsp|hyph=none|quot=none	4	4	404	95	3	True
pre=none|apos=escaped|hash=none|semi=fullwidth|term=nbsp|hyph=none|quot=guillemets	4	4	432	95	4	True
pre=none|apos=escaped|hash=none|semi=fullwidth|term=nbsp|hyph=unicode|quot=none	3	3	404	95	4	True
pre=none|apos=escaped|hash=none|semi=fullwidth|term=nbsp|hyph=unicode|quot=guillemets	3	3	432	95	5	True
pre=none|apos=escaped|hash=fullwidth|semi=none|term=none|hyph=none|quot=none	4	4	377	115	2	True
pre=none|apos=escaped|hash=fullwidth|semi=none|term=none|hyph=none|quot=guillemets	4	4	405	115	3	True
pre=none|apos=escaped|hash=fullwidth|semi=none|term=none|hyph=unicode|quot=none	3	3	376	116	3	True
pre=none|apos=escaped|hash=fullwidth|semi=none|term=none|hyph=unicode|quot=guillemets	3	3	404	116	4	True
pre=none|apos=escaped|hash=fullwidth|semi=none|term=space|hyph=none|quot=none	4	4	403	94	3	True
pre=none|apos=escaped|hash=fullwidth|semi=none|term=space|hyph=none|quot=guillemets	4	4	431	94	4	True
pre=none|apos=escaped|hash=fullwidth|semi=none|term=space|hyph=unicode|quot=none	3	3	403	94	4	True
pre=none|apos=escaped|hash=fullwidth|semi=none|term=space|hyph=unicode|quot=guillemets	3	3	431	94	5	True
pre=none|apos=escaped|hash=fullwidth|semi=none|term=nbsp|hyph=none|quot=none	4	4	403	94	3	True
pre=none|apos=escaped|hash=fullwidth|semi=none|term=nbsp|hyph=none|quot=guillemets	4	4	431	94	4	True
pre=none|apos=escaped|hash=fullwidth|semi=none|term=nbsp|hyph=unicode|quot=none	3	3	403	94	4	True
pre=none|apos=escaped|hash=fullwidth|semi=none|term=nbsp|hyph=unicode|quot=guillemets	3	3	431	94	5	True
pre=none|apos=escaped|hash=fullwidth|semi=fullwidth|term=none|hyph=none|quot=none	4	4	378	116	3	True
pre=none|apos=escaped|hash=fullwidth|semi=fullwidth|term=none|hyph=none|quot=guillemets	4	4	406	116	4	True
pre=none|apos=escaped|hash=fullwidth|semi=fullwidth|term=none|hyph=unicode|quot=none	3	3	377	117	4	True
pre=none|apos=escaped|hash=fullwidth|semi=fullwidth|term=none|hyph=unicode|quot=guillemets	3	3	405	117	5	True
pre=none|apos=escaped|hash=fullwidth|semi=fullwidth|term=space|hyph=none|quot=none	4	4	404	95	4	True
pre=none|apos=escaped|hash=fullwidth|semi=fullwidth|term=space|hyph=none|quot=guillemets	4	4	432	95	5	True
pre=none|apos=escaped|hash=fullwidth|semi=fullwidth|term=space|hyph=unicode|quot=none	3	3	404	95	5	True
pre=none|apos=escaped|hash=fullwidth|semi=fullwidth|term=space|hyph=unicode|quot=guillemets	3	3	432	95	6	True
pre=none|apos=escaped|hash=fullwidth|semi=fullwidth|term=nbsp|hyph=none|quot=none	4	4	404	95	4	True
pre=none|apos=escaped|hash=fullwidth|semi=fullwidth|term=nbsp|hyph=none|quot=guillemets	4	4	432	95	5	True
pre=none|apos=escaped|hash=fullwidth|semi=fullwidth|term=nbsp|hyph=unicode|quot=none	3	3	404	95	5	True
pre=none|apos=escaped|hash=fullwidth|semi=fullwidth|term=nbsp|hyph=unicode|quot=guillemets	3	3	432	95	6	True
pre=none|apos=modifier|hash=none|semi=none|term=none|hyph=none|quot=none	4	4	377	79	1	True
pre=none|apos=modifier|hash=none|semi=none|term=none|hyph=none|quot=guillemets	4	4	405	79	2	True
pre=none|apos=modifier|hash=none|semi=none|term=none|hyph=unicode|quot=none	3	3	376	80	2	True
pre=none|apos=modifier|hash=none|semi=none|term=none|hyph=unicode|quot=guillemets	3	3	404	80	3	True
pre=none|apos=modifier|hash=none|semi=none|term=space|hyph=none|quot=none	4	4	403	56	2	True
pre=none|apos=modifier|hash=none|semi=none|term=space|hyph=none|quot=guillemets	4	4	431	56	3	True
pre=none|apos=modifier|hash=none|semi=none|term=space|hyph=unicode|quot=none	3	3	403	56	3	True
pre=none|apos=modifier|hash=none|semi=none|term=space|hyph=unicode|quot=guillemets	3	3	431	56	4	True
pre=none|apos=modifier|hash=none|semi=none|term=nbsp|hyph=none|quot=none	4	4	403	56	2	True
pre=none|apos=modifier|hash=none|semi=none|term=nbsp|hyph=none|quot=guillemets	4	4	431	56	3	True
pre=none|apos=modifier|hash=none|semi=none|term=nbsp|hyph=unicode|quot=none	3	3	403	56	3	True
pre=none|apos=modifier|hash=none|semi=none|term=nbsp|hyph=unicode|quot=guillemets	3	3	431	56	4	True
pre=none|apos=modifier|hash=none|semi=fullwidth|term=none|hyph=none|quot=none	4	4	378	80	2	True
pre=none|apos=modifier|hash=none|semi=fullwidth|term=none|hyph=none|quot=guillemets	4	4	406	80	3	True
pre=none|apos=modifier|hash=none|semi=fullwidth|term=none|hyph=unicode|quot=none	3	3	377	81	3	True
pre=none|apos=modifier|hash=none|semi=fullwidth|term=none|hyph=unicode|quot=guillemets	3	3	405	81	4	True
pre=none|apos=modifier|hash=none|semi=fullwidth|term=space|hyph=none|quot=none	4	4	404	57	3	True
pre=none|apos=modifier|hash=none|semi=fullwidth|term=space|hyph=none|quot=guillemets	4	4	432	57	4	True
pre=none|apos=modifier|hash=none|semi=fullwidth|term=space|hyph=unicode|quot=none	3	3	404	57	4	True
pre=none|apos=modifier|hash=none|semi=fullwidth|term=space|hyph=unicode|quot=guillemets	3	3	432	57	5	True
pre=none|apos=modifier|hash=none|semi=fullwidth|term=nbsp|hyph=none|quot=none	4	4	404	57	3	True
pre=none|apos=modifier|hash=none|semi=fullwidth|term=nbsp|hyph=none|quot=guillemets	4	4	432	57	4	True
pre=none|apos=modifier|hash=none|semi=fullwidth|term=nbsp|hyph=unicode|quot=none	3	3	404	57	4	True
pre=none|apos=modifier|hash=none|semi=fullwidth|term=nbsp|hyph=unicode|quot=guillemets	3	3	432	57	5	True
pre=none|apos=modifier|hash=fullwidth|semi=none|term=none|hyph=none|quot=none	4	4	377	79	2	True
pre=none|apos=modifier|hash=fullwidth|semi=none|term=none|hyph=none|quot=guillemets	4	4	405	79	3	True
pre=none|apos=modifier|hash=fullwidth|semi=none|term=none|hyph=unicode|quot=none	3	3	376	80	3	True
pre=none|apos=modifier|hash=fullwidth|semi=none|term=none|hyph=unicode|quot=guillemets	3	3	404	80	4	True
pre=none|apos=modifier|hash=fullwidth|semi=none|term=space|hyph=none|quot=none	4	4	403	56	3	True
pre=none|apos=modifier|hash=fullwidth|semi=none|term=space|hyph=none|quot=guillemets	4	4	431	56	4	True
pre=none|apos=modifier|hash=fullwidth|semi=none|term=space|hyph=unicode|quot=none	3	3	403	56	4	True
pre=none|apos=modifier|hash=fullwidth|semi=none|term=space|hyph=unicode|quot=guillemets	3	3	431	56	5	True
pre=none|apos=modifier|hash=fullwidth|semi=none|term=nbsp|hyph=none|quot=none	4	4	403	56	3	True
pre=none|apos=modifier|hash=fullwidth|semi=none|term=nbsp|hyph=none|quot=guillemets	4	4	431	56	4	True
pre=none|apos=modifier|hash=fullwidth|semi=none|term=nbsp|hyph=unicode|quot=none	3	3	403	56	4	True
pre=none|apos=modifier|hash=fullwidth|semi=none|term=nbsp|hyph=unicode|quot=guillemets	3	3	431	56	5	True
pre=none|apos=modifier|hash=fullwidth|semi=fullwidth|term=none|hyph=none|quot=none	4	4	378	80	3	True
pre=none|apos=modifier|hash=fullwidth|semi=fullwidth|term=none|hyph=none|quot=guillemets	4	4	406	80	4	True
pre=none|apos=modifier|hash=fullwidth|semi=fullwidth|term=none|hyph=unicode|quot=none	3	3	377	81	4	True
pre=none|apos=modifier|hash=fullwidth|semi=fullwidth|term=none|hyph=unicode|quot=guillemets	3	3	405	81	5	True
pre=none|apos=modifier|hash=fullwidth|semi=fullwidth|term=space|hyph=none|quot=none	4	4	404	57	4	True
pre=none|apos=modifier|hash=fullwidth|semi=fullwidth|term=space|hyph=none|quot=guillemets	4	4	432	57	5	True
pre=none|apos=modifier|hash=fullwidth|semi=fullwidth|term=space|hyph=unicode|quot=none	3	3	404	57	5	True
pre=none|apos=modifier|hash=fullwidth|semi=fullwidth|term=space|hyph=unicode|quot=guillemets	3	3	432	57	6	True
pre=none|apos=modifier|hash=fullwidth|semi=fullwidth|term=nbsp|hyph=none|quot=none	4	4	404	57	4	True
pre=none|apos=modifier|hash=fullwidth|semi=fullwidth|term=nbsp|hyph=none|quot=guillemets	4	4	432	57	5	True
pre=none|apos=modifier|hash=fullwidth|semi=fullwidth|term=nbsp|hyph=unicode|quot=none	3	3	404	57	5	True
pre=none|apos=modifier|hash=fullwidth|semi=fullwidth|term=nbsp|hyph=unicode|quot=guillemets	3	3	432	57	6	True
pre=none|apos=backtick|hash=none|semi=none|term=none|hyph=none|quot=none	4	4	377	79	1	True
pre=none|apos=backtick|hash=none|semi=none|term=none|hyph=none|quot=guillemets	4	4	405	79	2	True
pre=none|apos=backtick|hash=none|semi=none|term=none|hyph=unicode|quot=none	3	3	376	80	2	True
pre=none|apos=backtick|hash=none|semi=none|term=none|hyph=unicode|quot=guillemets	3	3	404	80	3	True
pre=none|apos=backtick|hash=none|semi=none|term=space|hyph=none|quot=none	4	4	403	56	2	True
pre=none|apos=backtick|hash=none|semi=none|term=space|hyph=none|quot=guillemets	4	4	431	56	3	True
pre=none|apos=backtick|hash=none|semi=none|term=space|hyph=unicode|quot=none	3	3	403	56	3	True
pre=none|apos=backtick|hash=none|semi=none|term=space|hyph=unicode|quot=guillemets	3	3	431	56	4	True
pre=none|apos=backtick|hash=none|semi=none|term=nbsp|hyph=none|quot=none	4	4	403	56	2	True
pre=none|apos=backtick|hash=none|semi=none|term=nbsp|hyph=none|quot=guillemets	4	4	431	56	3	True
pre=none|apos=backtick|hash=none|semi=none|term=nbsp|hyph=unicode|quot=none	3	3	403	56	3	True
pre=none|apos=backtick|hash=none|semi=none|term=nbsp|hyph=unicode|quot=guillemets	3	3	431	56	4	True
pre=none|apos=backtick|hash=none|semi=fullwidth|term=none|hyph=none|quot=none	4	4	378	80	2	True
pre=none|apos=backtick|hash=none|semi=fullwidth|term=none|hyph=none|quot=guillemets	4	4	406	80	3	True
pre=none|apos=backtick|hash=none|semi=fullwidth|term=none|hyph=unicode|quot=none	3	3	377	81	3	True
pre=none|apos=backtick|hash=none|semi=fullwidth|term=none|hyph=unicode|quot=guillemets	3	3	405	81	4	True
pre=none|apos=backtick|hash=none|semi=fullwidth|term=space|hyph=none|quot=none	4	4	404	57	3	True
pre=none|apos=backtick|hash=none|semi=fullwidth|term=space|hyph=none|quot=guillemets	4	4	432	57	4	True
pre=none|apos=backtick|hash=none|semi=fullwidth|term=space|hyph=unicode|quot=none	3	3	404	57	4	True
pre=none|apos=backtick|hash=none|semi=fullwidth|term=space|hyph=unicode|quot=guillemets	3	3	432	57	5	True
pre=none|apos=backtick|hash=none|semi=fullwidth|term=nbsp|hyph=none|quot=none	4	4	404	57	3	True
pre=none|apos=backtick|hash=none|semi=fullwidth|term=nbsp|hyph=none|quot=guillemets	4	4	432	57	4	True
pre=none|apos=backtick|hash=none|semi=fullwidth|term=nbsp|hyph=unicode|quot=none	3	3	404	57	4	True
pre=none|apos=backtick|hash=none|semi=fullwidth|term=nbsp|hyph=unicode|quot=guillemets	3	3	432	57	5	True
pre=none|apos=backtick|hash=fullwidth|semi=none|term=none|hyph=none|quot=none	4	4	377	79	2	True
pre=none|apos=backtick|hash=fullwidth|semi=none|term=none|hyph=none|quot=guillemets	4	4	405	79	3	True
pre=none|apos=backtick|hash=fullwidth|semi=none|term=none|hyph=unicode|quot=none	3	3	376	80	3	True
pre=none|apos=backtick|hash=fullwidth|semi=none|term=none|hyph=unicode|quot=guillemets	3	3	404	80	4	True
pre=none|apos=backtick|hash=fullwidth|semi=none|term=space|hyph=none|quot=none	4	4	403	56	3	True
pre=none|apos=backtick|hash=fullwidth|semi=none|term=space|hyph=none|quot=guillemets	4	4	431	56	4	True
pre=none|apos=backtick|hash=fullwidth|semi=none|term=space|hyph=unicode|quot=none	3	3	403	56	4	True
pre=none|apos=backtick|hash=fullwidth|semi=none|term=space|hyph=unicode|quot=guillemets	3	3	431	56	5	True
pre=none|apos=backtick|hash=fullwidth|semi=none|term=nbsp|hyph=none|quot=none	4	4	403	56	3	True
pre=none|apos=backtick|hash=fullwidth|semi=none|term=nbsp|hyph=none|quot=guillemets	4	4	431	56	4	True
pre=none|apos=backtick|hash=fullwidth|semi=none|term=nbsp|hyph=unicode|quot=none	3	3	403	56	4	True
pre=none|apos=backtick|hash=fullwidth|semi=none|term=nbsp|hyph=unicode|quot=guillemets	3	3	431	56	5	True
pre=none|apos=backtick|hash=fullwidth|semi=fullwidth|term=none|hyph=none|quot=none	4	4	378	80	3	True
pre=none|apos=backtick|hash=fullwidth|semi=fullwidth|term=none|hyph=none|quot=guillemets	4	4	406	80	4	True
pre=none|apos=backtick|hash=fullwidth|semi=fullwidth|term=none|hyph=unicode|quot=none	3	3	377	81	4	True
pre=none|apos=backtick|hash=fullwidth|semi=fullwidth|term=none|hyph=unicode|quot=guillemets	3	3	405	81	5	True
pre=none|apos=backtick|hash=fullwidth|semi=fullwidth|term=space|hyph=none|quot=none	4	4	404	57	4	True
pre=none|apos=backtick|hash=fullwidth|semi=fullwidth|term=space|hyph=none|quot=guillemets	4	4	432	57	5	True
pre=none|apos=backtick|hash=fullwidth|semi=fullwidth|term=space|hyph=unicode|quot=none	3	3	404	57	5	True
pre=none|apos=backtick|hash=fullwidth|semi=fullwidth|term=space|hyph=unicode|quot=guillemets	3	3	432	57	6	True
pre=none|apos=backtick|hash=fullwidth|semi=fullwidth|term=nbsp|hyph=none|quot=none	4	4	404	57	4	True
pre=none|apos=backtick|hash=fullwidth|semi=fullwidth|term=nbsp|hyph=none|quot=guillemets	4	4	432	57	5	True
pre=none|apos=backtick|hash=fullwidth|semi=fullwidth|term=nbsp|hyph=unicode|quot=none	3	3	404	57	5	True
pre=none|apos=backtick|hash=fullwidth|semi=fullwidth|term=nbsp|hyph=unicode|quot=guillemets	3	3	432	57	6	True
pre=qmark|apos=none|hash=none|semi=none|term=none|hyph=none|quot=none	4	4	366	115	1	True
pre=qmark|apos=none|hash=none|semi=none|term=none|hyph=none|quot=guillemets	4	4	394	115	2	True
pre=qmark|apos=none|hash=none|semi=none|term=none|hyph=unicode|quot=none	3	3	365	116	2	True
pre=qmark|apos=none|hash=none|semi=none|term=none|hyph=unicode|quot=guillemets	3	3	393	116	3	True
pre=qmark|apos=none|hash=none|semi=none|term=space|hyph=none|quot=none	4	4	389	94	2	True
pre=qmark|apos=none|hash=none|semi=none|term=space|hyph=none|quot=guillemets	4	4	417	94	3	True
pre=qmark|apos=none|hash=none|semi=none|term=space|hyph=unicode|quot=none	3	3	389	94	3	True
pre=qmark|apos=none|hash=none|semi=none|term=space|hyph=unicode|quot=guillemets	3	3	417	94	4	True
pre=qmark|apos=none|hash=none|semi=none|term=nbsp|hyph=none|quot=none	4	4	389	94	2	True
pre=qmark|apos=none|hash=none|semi=none|term=nbsp|hyph=none|quot=guillemets	4	4	417	94	3	True
pre=qmark|apos=none|hash=none|semi=none|term=nbsp|hyph=unicode|quot=none	3	3	389	94	3	True
pre=qmark|apos=none|hash=none|semi=none|term=nbsp|hyph=unicode|quot=guillemets	3	3	417	94	4	True
pre=qmark|apos=none|hash=none|semi=fullwidth|term=none|hyph=none|quot=none	4	4	367	116	2	True
pre=qmark|apos=none|hash=none|semi=fullwidth|term=none|hyph=none|quot=guillemets	4	4	395	116	3	True
pre=qmark|apos=none|hash=none|semi=fullwidth|term=none|hyph=unicode|quot=none	3	3	366	117	3	True
pre=qmark|apos=none|hash=none|semi=fullwidth|term=none|hyph=unicode|quot=guillemets	3	3	394	117	4	True
pre=qmark|apos=none|hash=none|semi=fullwidth|term=space|hyph=none|quot=none	4	4	390	95	3	True
pre=qmark|apos=none|hash=none|semi=fullwidth|term=space|hyph=none|quot=guillemets	4	4	418	95	4	True
pre=qmark|apos=none|hash=none|semi=fullwidth|term=space|hyph=unicode|quot=none	3	3	390	95	4	True
pre=qmark|apos=none|hash=none|semi=fullwidth|term=space|hyph=unicode|quot=guillemets	3	3	418	95	5	True
pre=qmark|apos=none|hash=none|semi=fullwidth|term=nbsp|hyph=none|quot=none	4	4	390	95	3	True
pre=qmark|apos=none|hash=none|semi=fullwidth|term=nbsp|hyph=none|quot=guillemets	4	4	418	95	4	True
pre=qmark|apos=none|hash=none|semi=fullwidth|term=nbsp|hyph=unicode|quot=none	3	3	390	95	4	True
pre=qmark|apos=none|hash=none|semi=fullwidth|term=nbsp|hyph=unicode|quot=guillemets	3	3	418	95	5	True
pre=qmark|apos=none|hash=fullwidth|semi=none|term=none|hyph=none|quot=none	4	4	366	115	2	True
pre=qmark|apos=none|hash=fullwidth|semi=none|term=none|hyph=none|quot=guillemets	4	4	394	115	3	True
pre=qmark|apos=none|hash=fullwidth|semi=none|term=none|hyph=unicode|quot=none	3	3	365	116	3	True
pre=qmark|apos=none|hash=fullwidth|semi=none|term=none|hyph=unicode|quot=guillemets	3	3	393	116	4	True
pre=qmark|apos=none|hash=fullwidth|semi=none|term=space|hyph=none|quot=none	4	4	389	94	3	True
pre=qmark|apos=none|hash=fullwidth|semi=none|term=space|hyph=none|quot=guillemets	4	4	417	94	4	True
pre=qmark|apos=none|hash=fullwidth|semi=none|term=space|hyph=unicode|quot=none	3	3	389	94	4	True
pre=qmark|apos=none|hash=fullwidth|semi=none|term=space|hyph=unicode|quot=guillemets	3	3	417	94	5	True
pre=qmark|apos=none|hash=fullwidth|semi=none|term=nbsp|hyph=none|quot=none	4	4	389	94	3	True
pre=qmark|apos=none|hash=fullwidth|semi=none|term=nbsp|hyph=none|quot=guillemets	4	4	417	94	4	True
pre=qmark|apos=none|hash=fullwidth|semi=none|term=nbsp|hyph=unicode|quot=none	3	3	389	94	4	True
pre=qmark|apos=none|hash=fullwidth|semi=none|term=nbsp|hyph=unicode|quot=guillemets	3	3	417	94	5	True
pre=qmark|apos=none|hash=fullwidth|semi=fullwidth|term=none|hyph=none|quot=none	4	4	367	116	3	True
pre=qmark|apos=none|hash=fullwidth|semi=fullwidth|term=none|hyph=none|quot=guillemets	4	4	395	116	4	True
pre=qmark|apos=none|hash=fullwidth|semi=fullwidth|term=none|hyph=unicode|quot=none	3	3	366	117	4	True
pre=qmark|apos=none|hash=fullwidth|semi=fullwidth|term=none|hyph=unicode|quot=guillemets	3	3	394	117	5	True
pre=qmark|apos=none|hash=fullwidth|semi=fullwidth|term=space|hyph=none|quot=none	4	4	390	95	4	True
pre=qmark|apos=none|hash=fullwidth|semi=fullwidth|term=space|hyph=none|quot=guillemets	4	4	418	95	5	True
pre=qmark|apos=none|hash=fullwidth|semi=fullwidth|term=space|hyph=unicode|quot=none	3	3	390	95	5	True
pre=qmark|apos=none|hash=fullwidth|semi=fullwidth|term=space|hyph=unicode|quot=guillemets	3	3	418	95	6	True
pre=qmark|apos=none|hash=fullwidth|semi=fullwidth|term=nbsp|hyph=none|quot=none	4	4	390	95	4	True
pre=qmark|apos=none|hash=fullwidth|semi=fullwidth|term=nbsp|hyph=none|quot=guillemets	4	4	418	95	5	True
pre=qmark|apos=none|hash=fullwidth|semi=fullwidth|term=nbsp|hyph=unicode|quot=none	3	3	390	95	5	True
pre=qmark|apos=none|hash=fullwidth|semi=fullwidth|term=nbsp|hyph=unicode|quot=guillemets	3	3	418	95	6	True
pre=qmark|apos=escaped|hash=none|semi=none|term=none|hyph=none|quot=none	1	1	405	115	2	True
pre=qmark|apos=escaped|hash=none|semi=none|term=none|hyph=none|quot=guillemets	1	1	433	115	3	True
pre=qmark|apos=escaped|hash=none|semi=none|term=none|hyph=unicode|quot=none	0	0	404	116	3	True
pre=qmark|apos=escaped|hash=none|semi=none|term=none|hyph=unicode|quot=guillemets	0	0	432	116	4	True
pre=qmark|apos=escaped|hash=none|semi=none|term=space|hyph=none|quot=none	1	1	431	94	3	True
pre=qmark|apos=escaped|hash=none|semi=none|term=space|hyph=none|quot=guillemets	1	1	459	94	4	True
pre=qmark|apos=escaped|hash=none|semi=none|term=space|hyph=unicode|quot=none	0	0	431	94	4	True
pre=qmark|apos=escaped|hash=none|semi=none|term=space|hyph=unicode|quot=guillemets	0	0	459	94	5	True
pre=qmark|apos=escaped|hash=none|semi=none|term=nbsp|hyph=none|quot=none	1	1	431	94	3	True
pre=qmark|apos=escaped|hash=none|semi=none|term=nbsp|hyph=none|quot=guillemets	1	1	459	94	4	True
pre=qmark|apos=escaped|hash=none|semi=none|term=nbsp|hyph=unicode|quot=none	0	0	431	94	4	True
pre=qmark|apos=escaped|hash=none|semi=none|term=nbsp|hyph=unicode|quot=guillemets	0	0	459	94	5	True
pre=qmark|apos=escaped|hash=none|semi=fullwidth|term=none|hyph=none|quot=none	1	1	406	116	3	True
pre=qmark|apos=escaped|hash=none|semi=fullwidth|term=none|hyph=none|quot=guillemets	1	1	434	116	4	True
pre=qmark|apos=escaped|hash=none|semi=fullwidth|term=none|hyph=unicode|quot=none	0	0	405	117	4	True
pre=qmark|apos=escaped|hash=none|semi=fullwidth|term=none|hyph=unicode|quot=guillemets	0	0	433	117	5	True
pre=qmark|apos=escaped|hash=none|semi=fullwidth|term=space|hyph=none|quot=none	1	1	432	95	4	True
pre=qmark|apos=escaped|hash=none|semi=fullwidth|term=space|hyph=none|quot=guillemets	1	1	460	95	5	True
pre=qmark|apos=escaped|hash=none|semi=fullwidth|term=space|hyph=unicode|quot=none	0	0	432	95	5	True
pre=qmark|apos=escaped|hash=none|semi=fullwidth|term=space|hyph=unicode|quot=guillemets	0	0	460	95	6	True
pre=qmark|apos=escaped|hash=none|semi=fullwidth|term=nbsp|hyph=none|quot=none	1	1	432	95	4	True
pre=qmark|apos=escaped|hash=none|semi=fullwidth|term=nbsp|hyph=none|quot=guillemets	1	1	460	95	5	True
pre=qmark|apos=escaped|hash=none|semi=fullwidth|term=nbsp|hyph=unicode|quot=none	0	0	432	95	5	True
pre=qmark|apos=escaped|hash=none|semi=fullwidth|term=nbsp|hyph=unicode|quot=guillemets	0	0	460	95	6	True
pre=qmark|apos=escaped|hash=fullwidth|semi=none|term=none|hyph=none|quot=none	1	1	405	115	3	True
pre=qmark|apos=escaped|hash=fullwidth|semi=none|term=none|hyph=none|quot=guillemets	1	1	433	115	4	True
pre=qmark|apos=escaped|hash=fullwidth|semi=none|term=none|hyph=unicode|quot=none	0	0	404	116	4	True
pre=qmark|apos=escaped|hash=fullwidth|semi=none|term=none|hyph=unicode|quot=guillemets	0	0	432	116	5	True
pre=qmark|apos=escaped|hash=fullwidth|semi=none|term=space|hyph=none|quot=none	1	1	431	94	4	True
pre=qmark|apos=escaped|hash=fullwidth|semi=none|term=space|hyph=none|quot=guillemets	1	1	459	94	5	True
pre=qmark|apos=escaped|hash=fullwidth|semi=none|term=space|hyph=unicode|quot=none	0	0	431	94	5	True
pre=qmark|apos=escaped|hash=fullwidth|semi=none|term=space|hyph=unicode|quot=guillemets	0	0	459	94	6	True
pre=qmark|apos=escaped|hash=fullwidth|semi=none|term=nbsp|hyph=none|quot=none	1	1	431	94	4	True
pre=qmark|apos=escaped|hash=fullwidth|semi=none|term=nbsp|hyph=none|quot=guillemets	1	1	459	94	5	True
pre=qmark|apos=escaped|hash=fullwidth|semi=none|term=nbsp|hyph=unicode|quot=none	0	0	431	94	5	True
pre=qmark|apos=escaped|hash=fullwidth|semi=none|term=nbsp|hyph=unicode|quot=guillemets	0	0	459	94	6	True
pre=qmark|apos=escaped|hash=fullwidth|semi=fullwidth|term=none|hyph=none|quot=none	1	1	406	116	4	True
pre=qmark|apos=escaped|hash=fullwidth|semi=fullwidth|term=none|hyph=none|quot=guillemets	1	1	434	116	5	True
pre=qmark|apos=escaped|hash=fullwidth|semi=fullwidth|term=none|hyph=unicode|quot=none	0	0	405	117	5	True
pre=qmark|apos=escaped|hash=fullwidth|semi=fullwidth|term=none|hyph=unicode|quot=guillemets	0	0	433	117	6	True
pre=qmark|apos=escaped|hash=fullwidth|semi=fullwidth|term=space|hyph=none|quot=none	1	1	432	95	5	True
pre=qmark|apos=escaped|hash=fullwidth|semi=fullwidth|term=space|hyph=none|quot=guillemets	1	1	460	95	6	True
pre=qmark|apos=escaped|hash=fullwidth|semi=fullwidth|term=space|hyph=unicode|quot=none	0	0	432	95	6	True
pre=qmark|apos=escaped|hash=fullwidth|semi=fullwidth|term=space|hyph=unicode|quot=guillemets	0	0	460	95	7	True
pre=qmark|apos=escaped|hash=fullwidth|semi=fullwidth|term=nbsp|hyph=none|quot=none	1	1	432	95	5	True
pre=qmark|apos=escaped|hash=fullwidth|semi=fullwidth|term=nbsp|hyph=none|quot=guillemets	1	1	460	95	6	True
pre=qmark|apos=escaped|hash=fullwidth|semi=fullwidth|term=nbsp|hyph=unicode|quot=none	0	0	432	95	6	True
pre=qmark|apos=escaped|hash=fullwidth|semi=fullwidth|term=nbsp|hyph=unicode|quot=guillemets	0	0	460	95	7	True
pre=qmark|apos=modifier|hash=none|semi=none|term=none|hyph=none|quot=none	1	1	405	79	2	True
pre=qmark|apos=modifier|hash=none|semi=none|term=none|hyph=none|quot=guillemets	1	1	433	79	3	True
pre=qmark|apos=modifier|hash=none|semi=none|term=none|hyph=unicode|quot=none	0	0	404	80	3	True
pre=qmark|apos=modifier|hash=none|semi=none|term=none|hyph=unicode|quot=guillemets	0	0	432	80	4	True
pre=qmark|apos=modifier|hash=none|semi=none|term=space|hyph=none|quot=none	1	1	431	56	3	True
pre=qmark|apos=modifier|hash=none|semi=none|term=space|hyph=none|quot=guillemets	1	1	459	56	4	True
pre=qmark|apos=modifier|hash=none|semi=none|term=space|hyph=unicode|quot=none	0	0	431	56	4	True
pre=qmark|apos=modifier|hash=none|semi=none|term=space|hyph=unicode|quot=guillemets	0	0	459	56	5	True
pre=qmark|apos=modifier|hash=none|semi=none|term=nbsp|hyph=none|quot=none	1	1	431	56	3	True
pre=qmark|apos=modifier|hash=none|semi=none|term=nbsp|hyph=none|quot=guillemets	1	1	459	56	4	True
pre=qmark|apos=modifier|hash=none|semi=none|term=nbsp|hyph=unicode|quot=none	0	0	431	56	4	True
pre=qmark|apos=modifier|hash=none|semi=none|term=nbsp|hyph=unicode|quot=guillemets	0	0	459	56	5	True
pre=qmark|apos=modifier|hash=none|semi=fullwidth|term=none|hyph=none|quot=none	1	1	406	80	3	True
pre=qmark|apos=modifier|hash=none|semi=fullwidth|term=none|hyph=none|quot=guillemets	1	1	434	80	4	True
pre=qmark|apos=modifier|hash=none|semi=fullwidth|term=none|hyph=unicode|quot=none	0	0	405	81	4	True
pre=qmark|apos=modifier|hash=none|semi=fullwidth|term=none|hyph=unicode|quot=guillemets	0	0	433	81	5	True
pre=qmark|apos=modifier|hash=none|semi=fullwidth|term=space|hyph=none|quot=none	1	1	432	57	4	True
pre=qmark|apos=modifier|hash=none|semi=fullwidth|term=space|hyph=none|quot=guillemets	1	1	460	57	5	True
pre=qmark|apos=modifier|hash=none|semi=fullwidth|term=space|hyph=unicode|quot=none	0	0	432	57	5	True
pre=qmark|apos=modifier|hash=none|semi=fullwidth|term=space|hyph=unicode|quot=guillemets	0	0	460	57	6	True
pre=qmark|apos=modifier|hash=none|semi=fullwidth|term=nbsp|hyph=none|quot=none	1	1	432	57	4	True
pre=qmark|apos=modifier|hash=none|semi=fullwidth|term=nbsp|hyph=none|quot=guillemets	1	1	460	57	5	True
pre=qmark|apos=modifier|hash=none|semi=fullwidth|term=nbsp|hyph=unicode|quot=none	0	0	432	57	5	True
pre=qmark|apos=modifier|hash=none|semi=fullwidth|term=nbsp|hyph=unicode|quot=guillemets	0	0	460	57	6	True
pre=qmark|apos=modifier|hash=fullwidth|semi=none|term=none|hyph=none|quot=none	1	1	405	79	3	True
pre=qmark|apos=modifier|hash=fullwidth|semi=none|term=none|hyph=none|quot=guillemets	1	1	433	79	4	True
pre=qmark|apos=modifier|hash=fullwidth|semi=none|term=none|hyph=unicode|quot=none	0	0	404	80	4	True
pre=qmark|apos=modifier|hash=fullwidth|semi=none|term=none|hyph=unicode|quot=guillemets	0	0	432	80	5	True
pre=qmark|apos=modifier|hash=fullwidth|semi=none|term=space|hyph=none|quot=none	1	1	431	56	4	True
pre=qmark|apos=modifier|hash=fullwidth|semi=none|term=space|hyph=none|quot=guillemets	1	1	459	56	5	True
pre=qmark|apos=modifier|hash=fullwidth|semi=none|term=space|hyph=unicode|quot=none	0	0	431	56	5	True
pre=qmark|apos=modifier|hash=fullwidth|semi=none|term=space|hyph=unicode|quot=guillemets	0	0	459	56	6	True
pre=qmark|apos=modifier|hash=fullwidth|semi=none|term=nbsp|hyph=none|quot=none	1	1	431	56	4	True
pre=qmark|apos=modifier|hash=fullwidth|semi=none|term=nbsp|hyph=none|quot=guillemets	1	1	459	56	5	True
pre=qmark|apos=modifier|hash=fullwidth|semi=none|term=nbsp|hyph=unicode|quot=none	0	0	431	56	5	True
pre=qmark|apos=modifier|hash=fullwidth|semi=none|term=nbsp|hyph=unicode|quot=guillemets	0	0	459	56	6	True
pre=qmark|apos=modifier|hash=fullwidth|semi=fullwidth|term=none|hyph=none|quot=none	1	1	406	80	4	True
pre=qmark|apos=modifier|hash=fullwidth|semi=fullwidth|term=none|hyph=none|quot=guillemets	1	1	434	80	5	True
pre=qmark|apos=modifier|hash=fullwidth|semi=fullwidth|term=none|hyph=unicode|quot=none	0	0	405	81	5	True
pre=qmark|apos=modifier|hash=fullwidth|semi=fullwidth|term=none|hyph=unicode|quot=guillemets	0	0	433	81	6	True
pre=qmark|apos=modifier|hash=fullwidth|semi=fullwidth|term=space|hyph=none|quot=none	1	1	432	57	5	True
pre=qmark|apos=modifier|hash=fullwidth|semi=fullwidth|term=space|hyph=none|quot=guillemets	1	1	460	57	6	True
pre=qmark|apos=modifier|hash=fullwidth|semi=fullwidth|term=space|hyph=unicode|quot=none	0	0	432	57	6	True
pre=qmark|apos=modifier|hash=fullwidth|semi=fullwidth|term=space|hyph=unicode|quot=guillemets	0	0	460	57	7	True
pre=qmark|apos=modifier|hash=fullwidth|semi=fullwidth|term=nbsp|hyph=none|quot=none	1	1	432	57	5	True
pre=qmark|apos=modifier|hash=fullwidth|semi=fullwidth|term=nbsp|hyph=none|quot=guillemets	1	1	460	57	6	True
pre=qmark|apos=modifier|hash=fullwidth|semi=fullwidth|term=nbsp|hyph=unicode|quot=none	0	0	432	57	6	True
pre=qmark|apos=modifier|hash=fullwidth|semi=fullwidth|term=nbsp|hyph=unicode|quot=guillemets	0	0	460	57	7	True
pre=qmark|apos=backtick|hash=none|semi=none|term=none|hyph=none|quot=none	1	1	405	79	2	True
pre=qmark|apos=backtick|hash=none|semi=none|term=none|hyph=none|quot=guillemets	1	1	433	79	3	True
pre=qmark|apos=backtick|hash=none|semi=none|term=none|hyph=unicode|quot=none	0	0	404	80	3	True
pre=qmark|apos=backtick|hash=none|semi=none|term=none|hyph=unicode|quot=guillemets	0	0	432	80	4	True
pre=qmark|apos=backtick|hash=none|semi=none|term=space|hyph=none|quot=none	1	1	431	56	3	True
pre=qmark|apos=backtick|hash=none|semi=none|term=space|hyph=none|quot=guillemets	1	1	459	56	4	True
pre=qmark|apos=backtick|hash=none|semi=none|term=space|hyph=unicode|quot=none	0	0	431	56	4	True
pre=qmark|apos=backtick|hash=none|semi=none|term=space|hyph=unicode|quot=guillemets	0	0	459	56	5	True
pre=qmark|apos=backtick|hash=none|semi=none|term=nbsp|hyph=none|quot=none	1	1	431	56	3	True
pre=qmark|apos=backtick|hash=none|semi=none|term=nbsp|hyph=none|quot=guillemets	1	1	459	56	4	True
pre=qmark|apos=backtick|hash=none|semi=none|term=nbsp|hyph=unicode|quot=none	0	0	431	56	4	True
pre=qmark|apos=backtick|hash=none|semi=none|term=nbsp|hyph=unicode|quot=guillemets	0	0	459	56	5	True
pre=qmark|apos=backtick|hash=none|semi=fullwidth|term=none|hyph=none|quot=none	1	1	406	80	3	True
pre=qmark|apos=backtick|hash=none|semi=fullwidth|term=none|hyph=none|quot=guillemets	1	1	434	80	4	True
pre=qmark|apos=backtick|hash=none|semi=fullwidth|term=none|hyph=unicode|quot=none	0	0	405	81	4	True
pre=qmark|apos=backtick|hash=none|semi=fullwidth|term=none|hyph=unicode|quot=guillemets	0	0	433	81	5	True
pre=qmark|apos=backtick|hash=none|semi=fullwidth|term=space|hyph=none|quot=none	1	1	432	57	4	True
pre=qmark|apos=backtick|hash=none|semi=fullwidth|term=space|hyph=none|quot=guillemets	1	1	460	57	5	True
pre=qmark|apos=backtick|hash=none|semi=fullwidth|term=space|hyph=unicode|quot=none	0	0	432	57	5	True
pre=qmark|apos=backtick|hash=none|semi=fullwidth|term=space|hyph=unicode|quot=guillemets	0	0	460	57	6	True
pre=qmark|apos=backtick|hash=none|semi=fullwidth|term=nbsp|hyph=none|quot=none	1	1	432	57	4	True
pre=qmark|apos=backtick|hash=none|semi=fullwidth|term=nbsp|hyph=none|quot=guillemets	1	1	460	57	5	True
pre=qmark|apos=backtick|hash=none|semi=fullwidth|term=nbsp|hyph=unicode|quot=none	0	0	432	57	5	True
pre=qmark|apos=backtick|hash=none|semi=fullwidth|term=nbsp|hyph=unicode|quot=guillemets	0	0	460	57	6	True
pre=qmark|apos=backtick|hash=fullwidth|semi=none|term=none|hyph=none|quot=none	1	1	405	79	3	True
pre=qmark|apos=backtick|hash=fullwidth|semi=none|term=none|hyph=none|quot=guillemets	1	1	433	79	4	True
pre=qmark|apos=backtick|hash=fullwidth|semi=none|term=none|hyph=unicode|quot=none	0	0	404	80	4	True
pre=qmark|apos=backtick|hash=fullwidth|semi=none|term=none|hyph=unicode|quot=guillemets	0	0	432	80	5	True
pre=qmark|apos=backtick|hash=fullwidth|semi=none|term=space|hyph=none|quot=none	1	1	431	56	4	True
pre=qmark|apos=backtick|hash=fullwidth|semi=none|term=space|hyph=none|quot=guillemets	1	1	459	56	5	True
pre=qmark|apos=backtick|hash=fullwidth|semi=none|term=space|hyph=unicode|quot=none	0	0	431	56	5	True
pre=qmark|apos=backtick|hash=fullwidth|semi=none|term=space|hyph=unicode|quot=guillemets	0	0	459	56	6	True
pre=qmark|apos=backtick|hash=fullwidth|semi=none|term=nbsp|hyph=none|quot=none	1	1	431	56	4	True
pre=qmark|apos=backtick|hash=fullwidth|semi=none|term=nbsp|hyph=none|quot=guillemets	1	1	459	56	5	True
pre=qmark|apos=backtick|hash=fullwidth|semi=none|term=nbsp|hyph=unicode|quot=none	0	0	431	56	5	True
pre=qmark|apos=backtick|hash=fullwidth|semi=none|term=nbsp|hyph=unicode|quot=guillemets	0	0	459	56	6	True
pre=qmark|apos=backtick|hash=fullwidth|semi=fullwidth|term=none|hyph=none|quot=none	1	1	406	80	4	True
pre=qmark|apos=backtick|hash=fullwidth|semi=fullwidth|term=none|hyph=none|quot=guillemets	1	1	434	80	5	True
pre=qmark|apos=backtick|hash=fullwidth|semi=fullwidth|term=none|hyph=unicode|quot=none	0	0	405	81	5	True
pre=qmark|apos=backtick|hash=fullwidth|semi=fullwidth|term=none|hyph=unicode|quot=guillemets	0	0	433	81	6	True
pre=qmark|apos=backtick|hash=fullwidth|semi=fullwidth|term=space|hyph=none|quot=none	1	1	432	57	5	True
pre=qmark|apos=backtick|hash=fullwidth|semi=fullwidth|term=space|hyph=none|quot=guillemets	1	1	460	57	6	True
pre=qmark|apos=backtick|hash=fullwidth|semi=fullwidth|term=space|hyph=unicode|quot=none	0	0	432	57	6	True
pre=qmark|apos=backtick|hash=fullwidth|semi=fullwidth|term=space|hyph=unicode|quot=guillemets	0	0	460	57	7	True
pre=qmark|apos=backtick|hash=fullwidth|semi=fullwidth|term=nbsp|hyph=none|quot=none	1	1	432	57	5	True
pre=qmark|apos=backtick|hash=fullwidth|semi=fullwidth|term=nbsp|hyph=none|quot=guillemets	1	1	460	57	6	True
pre=qmark|apos=backtick|hash=fullwidth|semi=fullwidth|term=nbsp|hyph=unicode|quot=none	0	0	432	57	6	True
pre=qmark|apos=backtick|hash=fullwidth|semi=fullwidth|term=nbsp|hyph=unicode|quot=guillemets	0	0	460	57	7	True
pre=slash|apos=none|hash=none|semi=none|term=none|hyph=none|quot=none	4	4	366	115	1	True
pre=slash|apos=none|hash=none|semi=none|term=none|hyph=none|quot=guillemets	4	4	394	115	2	True
pre=slash|apos=none|hash=none|semi=none|term=none|hyph=unicode|quot=none	3	3	365	116	2	True
pre=slash|apos=none|hash=none|semi=none|term=none|hyph=unicode|quot=guillemets	3	3	393	116	3	True
pre=slash|apos=none|hash=none|semi=none|term=space|hyph=none|quot=none	4	4	389	94	2	True
pre=slash|apos=none|hash=none|semi=none|term=space|hyph=none|quot=guillemets	4	4	417	94	3	True
pre=slash|apos=none|hash=none|semi=none|term=space|hyph=unicode|quot=none	3	3	389	94	3	True
pre=slash|apos=none|hash=none|semi=none|term=space|hyph=unicode|quot=guillemets	3	3	417	94	4	True
pre=slash|apos=none|hash=none|semi=none|term=nbsp|hyph=none|quot=none	4	4	389	94	2	True
pre=slash|apos=none|hash=none|semi=none|term=nbsp|hyph=none|quot=guillemets	4	4	417	94	3	True
pre=slash|apos=none|hash=none|semi=none|term=nbsp|hyph=unicode|quot=none	3	3	389	94	3	True
pre=slash|apos=none|hash=none|semi=none|term=nbsp|hyph=unicode|quot=guillemets	3	3	417	94	4	True
pre=slash|apos=none|hash=none|semi=fullwidth|term=none|hyph=none|quot=none	4	4	367	116	2	True
pre=slash|apos=none|hash=none|semi=fullwidth|term=none|hyph=none|quot=guillemets	4	4	395	116	3	True
pre=slash|apos=none|hash=none|semi=fullwidth|term=none|hyph=unicode|quot=none	3	3	366	117	3	True
pre=slash|apos=none|hash=none|semi=fullwidth|term=none|hyph=unicode|quot=guillemets	3	3	394	117	4	True
pre=slash|apos=none|hash=none|semi=fullwidth|term=space|hyph=none|quot=none	4	4	390	95	3	True
pre=slash|apos=none|hash=none|semi=fullwidth|term=space|hyph=none|quot=guillemets	4	4	418	95	4	True
pre=slash|apos=none|hash=none|semi=fullwidth|term=space|hyph=unicode|quot=none	3	3	390	95	4	True
pre=slash|apos=none|hash=none|semi=fullwidth|term=space|hyph=unicode|quot=guillemets	3	3	418	95	5	True
pre=slash|apos=none|hash=none|semi=fullwidth|term=nbsp|hyph=none|quot=none	4	4	390	95	3	True
pre=slash|apos=none|hash=none|semi=fullwidth|term=nbsp|hyph=none|quot=guillemets	4	4	418	95	4	True
pre=slash|apos=none|hash=none|semi=fullwidth|term=nbsp|hyph=unicode|quot=none	3	3	390	95	4	True
pre=slash|apos=none|hash=none|semi=fullwidth|term=nbsp|hyph=unicode|quot=guillemets	3	3	418	95	5	True
pre=slash|apos=none|hash=fullwidth|semi=none|term=none|hyph=none|quot=none	4	4	366	115	2	True
pre=slash|apos=none|hash=fullwidth|semi=none|term=none|hyph=none|quot=guillemets	4	4	394	115	3	True
pre=slash|apos=none|hash=fullwidth|semi=none|term=none|hyph=unicode|quot=none	3	3	365	116	3	True
pre=slash|apos=none|hash=fullwidth|semi=none|term=none|hyph=unicode|quot=guillemets	3	3	393	116	4	True
pre=slash|apos=none|hash=fullwidth|semi=none|term=space|hyph=none|quot=none	4	4	389	94	3	True
pre=slash|apos=none|hash=fullwidth|semi=none|term=space|hyph=none|quot=guillemets	4	4	417	94	4	True
pre=slash|apos=none|hash=fullwidth|semi=none|term=space|hyph=unicode|quot=none	3	3	389	94	4	True
pre=slash|apos=none|hash=fullwidth|semi=none|term=space|hyph=unicode|quot=guillemets	3	3	417	94	5	True
pre=slash|apos=none|hash=fullwidth|semi=none|term=nbsp|hyph=none|quot=none	4	4	389	94	3	True
pre=slash|apos=none|hash=fullwidth|semi=none|term=nbsp|hyph=none|quot=guillemets	4	4	417	94	4	True
pre=slash|apos=none|hash=fullwidth|semi=none|term=nbsp|hyph=unicode|quot=none	3	3	389	94	4	True
pre=slash|apos=none|hash=fullwidth|semi=none|term=nbsp|hyph=unicode|quot=guillemets	3	3	417	94	5	True
pre=slash|apos=none|hash=fullwidth|semi=fullwidth|term=none|hyph=none|quot=none	4	4	367	116	3	True
pre=slash|apos=none|hash=fullwidth|semi=fullwidth|term=none|hyph=none|quot=guillemets	4	4	395	116	4	True
pre=slash|apos=none|hash=fullwidth|semi=fullwidth|term=none|hyph=unicode|quot=none	3	3	366	117	4	True
pre=slash|apos=none|hash=fullwidth|semi=fullwidth|term=none|hyph=unicode|quot=guillemets	3	3	394	117	5	True
pre=slash|apos=none|hash=fullwidth|semi=fullwidth|term=space|hyph=none|quot=none	4	4	390	95	4	True
pre=slash|apos=none|hash=fullwidth|semi=fullwidth|term=space|hyph=none|quot=guillemets	4	4	418	95	5	True
pre=slash|apos=none|hash=fullwidth|semi=fullwidth|term=space|hyph=unicode|quot=none	3	3	390	95	5	True
pre=slash|apos=none|hash=fullwidth|semi=fullwidth|term=space|hyph=unicode|quot=guillemets	3	3	418	95	6	True
pre=slash|apos=none|hash=fullwidth|semi=fullwidth|term=nbsp|hyph=none|quot=none	4	4	390	95	4	True
pre=slash|apos=none|hash=fullwidth|semi=fullwidth|term=nbsp|hyph=none|quot=guillemets	4	4	418	95	5	True
pre=slash|apos=none|hash=fullwidth|semi=fullwidth|term=nbsp|hyph=unicode|quot=none	3	3	390	95	5	True
pre=slash|apos=none|hash=fullwidth|semi=fullwidth|term=nbsp|hyph=unicode|quot=guillemets	3	3	418	95	6	True
pre=slash|apos=escaped|hash=none|semi=none|term=none|hyph=none|quot=none	1	1	405	115	2	True
pre=slash|apos=escaped|hash=none|semi=none|term=none|hyph=none|quot=guillemets	1	1	433	115	3	True
pre=slash|apos=escaped|hash=none|semi=none|term=none|hyph=unicode|quot=none	0	0	404	116	3	True
pre=slash|apos=escaped|hash=none|semi=none|term=none|hyph=unicode|quot=guillemets	0	0	432	116	4	True
pre=slash|apos=escaped|hash=none|semi=none|term=space|hyph=none|quot=none	1	1	431	94	3	True
pre=slash|apos=escaped|hash=none|semi=none|term=space|hyph=none|quot=guillemets	1	1	459	94	4	True
pre=slash|apos=escaped|hash=none|semi=none|term=space|hyph=unicode|quot=none	0	0	431	94	4	True
pre=slash|apos=escaped|hash=none|semi=none|term=space|hyph=unicode|quot=guillemets	0	0	459	94	5	True
pre=slash|apos=escaped|hash=none|semi=none|term=nbsp|hyph=none|quot=none	1	1	431	94	3	True
pre=slash|apos=escaped|hash=none|semi=none|term=nbsp|hyph=none|quot=guillemets	1	1	459	94	4	True
pre=slash|apos=escaped|hash=none|semi=none|term=nbsp|hyph=unicode|quot=none	0	0	431	94	4	True
pre=slash|apos=escaped|hash=none|semi=none|term=nbsp|hyph=unicode|quot=guillemets	0	0	459	94	5	True
pre=slash|apos=escaped|hash=none|semi=fullwidth|term=none|hyph=none|quot=none	1	1	406	116	3	True
pre=slash|apos=escaped|hash=none|semi=fullwidth|term=none|hyph=none|quot=guillemets	1	1	434	116	4	True
pre=slash|apos=escaped|hash=none|semi=fullwidth|term=none|hyph=unicode|quot=none	0	0	405	117	4	True
pre=slash|apos=escaped|hash=none|semi=fullwidth|term=none|hyph=unicode|quot=guillemets	0	0	433	117	5	True
pre=slash|apos=escaped|hash=none|semi=fullwidth|term=space|hyph=none|quot=none	1	1	432	95	4	True
pre=slash|apos=escaped|hash=none|semi=fullwidth|term=space|hyph=none|quot=guillemets	1	1	460	95	5	True
pre=slash|apos=escaped|hash=none|semi=fullwidth|term=space|hyph=unicode|quot=none	0	0	432	95	5	True
pre=slash|apos=escaped|hash=none|semi=fullwidth|term=space|hyph=unicode|quot=guillemets	0	0	460	95	6	True
pre=slash|apos=escaped|hash=none|semi=fullwidth|term=nbsp|hyph=none|quot=none	1	1	432	95	4	True
pre=slash|apos=escaped|hash=none|semi=fullwidth|term=nbsp|hyph=none|quot=guillemets	1	1	460	95	5	True
pre=slash|apos=escaped|hash=none|semi=fullwidth|term=nbsp|hyph=unicode|quot=none	0	0	432	95	5	True
pre=slash|apos=escaped|hash=none|semi=fullwidth|term=nbsp|hyph=unicode|quot=guillemets	0	0	460	95	6	True
pre=slash|apos=escaped|hash=fullwidth|semi=none|term=none|hyph=none|quot=none	1	1	405	115	3	True
pre=slash|apos=escaped|hash=fullwidth|semi=none|term=none|hyph=none|quot=guillemets	1	1	433	115	4	True
pre=slash|apos=escaped|hash=fullwidth|semi=none|term=none|hyph=unicode|quot=none	0	0	404	116	4	True
pre=slash|apos=escaped|hash=fullwidth|semi=none|term=none|hyph=unicode|quot=guillemets	0	0	432	116	5	True
pre=slash|apos=escaped|hash=fullwidth|semi=none|term=space|hyph=none|quot=none	1	1	431	94	4	True
pre=slash|apos=escaped|hash=fullwidth|semi=none|term=space|hyph=none|quot=guillemets	1	1	459	94	5	True
pre=slash|apos=escaped|hash=fullwidth|semi=none|term=space|hyph=unicode|quot=none	0	0	431	94	5	True
pre=slash|apos=escaped|hash=fullwidth|semi=none|term=space|hyph=unicode|quot=guillemets	0	0	459	94	6	True
pre=slash|apos=escaped|hash=fullwidth|semi=none|term=nbsp|hyph=none|quot=none	1	1	431	94	4	True
pre=slash|apos=escaped|hash=fullwidth|semi=none|term=nbsp|hyph=none|quot=guillemets	1	1	459	94	5	True
pre=slash|apos=escaped|hash=fullwidth|semi=none|term=nbsp|hyph=unicode|quot=none	0	0	431	94	5	True
pre=slash|apos=escaped|hash=fullwidth|semi=none|term=nbsp|hyph=unicode|quot=guillemets	0	0	459	94	6	True
pre=slash|apos=escaped|hash=fullwidth|semi=fullwidth|term=none|hyph=none|quot=none	1	1	406	116	4	True
pre=slash|apos=escaped|hash=fullwidth|semi=fullwidth|term=none|hyph=none|quot=guillemets	1	1	434	116	5	True
pre=slash|apos=escaped|hash=fullwidth|semi=fullwidth|term=none|hyph=unicode|quot=none	0	0	405	117	5	True
pre=slash|apos=escaped|hash=fullwidth|semi=fullwidth|term=none|hyph=unicode|quot=guillemets	0	0	433	117	6	True
pre=slash|apos=escaped|hash=fullwidth|semi=fullwidth|term=space|hyph=none|quot=none	1	1	432	95	5	True
pre=slash|apos=escaped|hash=fullwidth|semi=fullwidth|term=space|hyph=none|quot=guillemets	1	1	460	95	6	True
pre=slash|apos=escaped|hash=fullwidth|semi=fullwidth|term=space|hyph=unicode|quot=none	0	0	432	95	6	True
pre=slash|apos=escaped|hash=fullwidth|semi=fullwidth|term=space|hyph=unicode|quot=guillemets	0	0	460	95	7	True
pre=slash|apos=escaped|hash=fullwidth|semi=fullwidth|term=nbsp|hyph=none|quot=none	1	1	432	95	5	True
pre=slash|apos=escaped|hash=fullwidth|semi=fullwidth|term=nbsp|hyph=none|quot=guillemets	1	1	460	95	6	True
pre=slash|apos=escaped|hash=fullwidth|semi=fullwidth|term=nbsp|hyph=unicode|quot=none	0	0	432	95	6	True
pre=slash|apos=escaped|hash=fullwidth|semi=fullwidth|term=nbsp|hyph=unicode|quot=guillemets	0	0	460	95	7	True
pre=slash|apos=modifier|hash=none|semi=none|term=none|hyph=none|quot=none	1	1	405	79	2	True
pre=slash|apos=modifier|hash=none|semi=none|term=none|hyph=none|quot=guillemets	1	1	433	79	3	True
pre=slash|apos=modifier|hash=none|semi=none|term=none|hyph=unicode|quot=none	0	0	404	80	3	True
pre=slash|apos=modifier|hash=none|semi=none|term=none|hyph=unicode|quot=guillemets	0	0	432	80	4	True
pre=slash|apos=modifier|hash=none|semi=none|term=space|hyph=none|quot=none	1	1	431	56	3	True
pre=slash|apos=modifier|hash=none|semi=none|term=space|hyph=none|quot=guillemets	1	1	459	56	4	True
pre=slash|apos=modifier|hash=none|semi=none|term=space|hyph=unicode|quot=none	0	0	431	56	4	True
pre=slash|apos=modifier|hash=none|semi=none|term=space|hyph=unicode|quot=guillemets	0	0	459	56	5	True
pre=slash|apos=modifier|hash=none|semi=none|term=nbsp|hyph=none|quot=none	1	1	431	56	3	True
pre=slash|apos=modifier|hash=none|semi=none|term=nbsp|hyph=none|quot=guillemets	1	1	459	56	4	True
pre=slash|apos=modifier|hash=none|semi=none|term=nbsp|hyph=unicode|quot=none	0	0	431	56	4	True
pre=slash|apos=modifier|hash=none|semi=none|term=nbsp|hyph=unicode|quot=guillemets	0	0	459	56	5	True
pre=slash|apos=modifier|hash=none|semi=fullwidth|term=none|hyph=none|quot=none	1	1	406	80	3	True
pre=slash|apos=modifier|hash=none|semi=fullwidth|term=none|hyph=none|quot=guillemets	1	1	434	80	4	True
pre=slash|apos=modifier|hash=none|semi=fullwidth|term=none|hyph=unicode|quot=none	0	0	405	81	4	True
pre=slash|apos=modifier|hash=none|semi=fullwidth|term=none|hyph=unicode|quot=guillemets	0	0	433	81	5	True
pre=slash|apos=modifier|hash=none|semi=fullwidth|term=space|hyph=none|quot=none	1	1	432	57	4	True
pre=slash|apos=modifier|hash=none|semi=fullwidth|term=space|hyph=none|quot=guillemets	1	1	460	57	5	True
pre=slash|apos=modifier|hash=none|semi=fullwidth|term=space|hyph=unicode|quot=none	0	0	432	57	5	True
pre=slash|apos=modifier|hash=none|semi=fullwidth|term=space|hyph=unicode|quot=guillemets	0	0	460	57	6	True
pre=slash|apos=modifier|hash=none|semi=fullwidth|term=nbsp|hyph=none|quot=none	1	1	432	57	4	True
pre=slash|apos=modifier|hash=none|semi=fullwidth|term=nbsp|hyph=none|quot=guillemets	1	1	460	57	5	True
pre=slash|apos=modifier|hash=none|semi=fullwidth|term=nbsp|hyph=unicode|quot=none	0	0	432	57	5	True
pre=slash|apos=modifier|hash=none|semi=fullwidth|term=nbsp|hyph=unicode|quot=guillemets	0	0	460	57	6	True
pre=slash|apos=modifier|hash=fullwidth|semi=none|term=none|hyph=none|quot=none	1	1	405	79	3	True
pre=slash|apos=modifier|hash=fullwidth|semi=none|term=none|hyph=none|quot=guillemets	1	1	433	79	4	True
pre=slash|apos=modifier|hash=fullwidth|semi=none|term=none|hyph=unicode|quot=none	0	0	404	80	4	True
pre=slash|apos=modifier|hash=fullwidth|semi=none|term=none|hyph=unicode|quot=guillemets	0	0	432	80	5	True
pre=slash|apos=modifier|hash=fullwidth|semi=none|term=space|hyph=none|quot=none	1	1	431	56	4	True
pre=slash|apos=modifier|hash=fullwidth|semi=none|term=space|hyph=none|quot=guillemets	1	1	459	56	5	True
pre=slash|apos=modifier|hash=fullwidth|semi=none|term=space|hyph=unicode|quot=none	0	0	431	56	5	True
pre=slash|apos=modifier|hash=fullwidth|semi=none|term=space|hyph=unicode|quot=guillemets	0	0	459	56	6	True
pre=slash|apos=modifier|hash=fullwidth|semi=none|term=nbsp|hyph=none|quot=none	1	1	431	56	4	True
pre=slash|apos=modifier|hash=fullwidth|semi=none|term=nbsp|hyph=none|quot=guillemets	1	1	459	56	5	True
pre=slash|apos=modifier|hash=fullwidth|semi=none|term=nbsp|hyph=unicode|quot=none	0	0	431	56	5	True
pre=slash|apos=modifier|hash=fullwidth|semi=none|term=nbsp|hyph=unicode|quot=guillemets	0	0	459	56	6	True
pre=slash|apos=modifier|hash=fullwidth|semi=fullwidth|term=none|hyph=none|quot=none	1	1	406	80	4	True
pre=slash|apos=modifier|hash=fullwidth|semi=fullwidth|term=none|hyph=none|quot=guillemets	1	1	434	80	5	True
pre=slash|apos=modifier|hash=fullwidth|semi=fullwidth|term=none|hyph=unicode|quot=none	0	0	405	81	5	True
pre=slash|apos=modifier|hash=fullwidth|semi=fullwidth|term=none|hyph=unicode|quot=guillemets	0	0	433	81	6	True
pre=slash|apos=modifier|hash=fullwidth|semi=fullwidth|term=space|hyph=none|quot=none	1	1	432	57	5	True
pre=slash|apos=modifier|hash=fullwidth|semi=fullwidth|term=space|hyph=none|quot=guillemets	1	1	460	57	6	True
pre=slash|apos=modifier|hash=fullwidth|semi=fullwidth|term=space|hyph=unicode|quot=none	0	0	432	57	6	True
pre=slash|apos=modifier|hash=fullwidth|semi=fullwidth|term=space|hyph=unicode|quot=guillemets	0	0	460	57	7	True
pre=slash|apos=modifier|hash=fullwidth|semi=fullwidth|term=nbsp|hyph=none|quot=none	1	1	432	57	5	True
pre=slash|apos=modifier|hash=fullwidth|semi=fullwidth|term=nbsp|hyph=none|quot=guillemets	1	1	460	57	6	True
pre=slash|apos=modifier|hash=fullwidth|semi=fullwidth|term=nbsp|hyph=unicode|quot=none	0	0	432	57	6	True
pre=slash|apos=modifier|hash=fullwidth|semi=fullwidth|term=nbsp|hyph=unicode|quot=guillemets	0	0	460	57	7	True
pre=slash|apos=backtick|hash=none|semi=none|term=none|hyph=none|quot=none	1	1	405	79	2	True
pre=slash|apos=backtick|hash=none|semi=none|term=none|hyph=none|quot=guillemets	1	1	433	79	3	True
pre=slash|apos=backtick|hash=none|semi=none|term=none|hyph=unicode|quot=none	0	0	404	80	3	True
pre=slash|apos=backtick|hash=none|semi=none|term=none|hyph=unicode|quot=guillemets	0	0	432	80	4	True
pre=slash|apos=backtick|hash=none|semi=none|term=space|hyph=none|quot=none	1	1	431	56	3	True
pre=slash|apos=backtick|hash=none|semi=none|term=space|hyph=none|quot=guillemets	1	1	459	56	4	True
pre=slash|apos=backtick|hash=none|semi=none|term=space|hyph=unicode|quot=none	0	0	431	56	4	True
pre=slash|apos=backtick|hash=none|semi=none|term=space|hyph=unicode|quot=guillemets	0	0	459	56	5	True
pre=slash|apos=backtick|hash=none|semi=none|term=nbsp|hyph=none|quot=none	1	1	431	56	3	True
pre=slash|apos=backtick|hash=none|semi=none|term=nbsp|hyph=none|quot=guillemets	1	1	459	56	4	True
pre=slash|apos=backtick|hash=none|semi=none|term=nbsp|hyph=unicode|quot=none	0	0	431	56	4	True
pre=slash|apos=backtick|hash=none|semi=none|term=nbsp|hyph=unicode|quot=guillemets	0	0	459	56	5	True
pre=slash|apos=backtick|hash=none|semi=fullwidth|term=none|hyph=none|quot=none	1	1	406	80	3	True
pre=slash|apos=backtick|hash=none|semi=fullwidth|term=none|hyph=none|quot=guillemets	1	1	434	80	4	True
pre=slash|apos=backtick|hash=none|semi=fullwidth|term=none|hyph=unicode|quot=none	0	0	405	81	4	True
pre=slash|apos=backtick|hash=none|semi=fullwidth|term=none|hyph=unicode|quot=guillemets	0	0	433	81	5	True
pre=slash|apos=backtick|hash=none|semi=fullwidth|term=space|hyph=none|quot=none	1	1	432	57	4	True
pre=slash|apos=backtick|hash=none|semi=fullwidth|term=space|hyph=none|quot=guillemets	1	1	460	57	5	True
pre=slash|apos=backtick|hash=none|semi=fullwidth|term=space|hyph=unicode|quot=none	0	0	432	57	5	True
pre=slash|apos=backtick|hash=none|semi=fullwidth|term=space|hyph=unicode|quot=guillemets	0	0	460	57	6	True
pre=slash|apos=backtick|hash=none|semi=fullwidth|term=nbsp|hyph=none|quot=none	1	1	432	57	4	True
pre=slash|apos=backtick|hash=none|semi=fullwidth|term=nbsp|hyph=none|quot=guillemets	1	1	460	57	5	True
pre=slash|apos=backtick|hash=none|semi=fullwidth|term=nbsp|hyph=unicode|quot=none	0	0	432	57	5	True
pre=slash|apos=backtick|hash=none|semi=fullwidth|term=nbsp|hyph=unicode|quot=guillemets	0	0	460	57	6	True
pre=slash|apos=backtick|hash=fullwidth|semi=none|term=none|hyph=none|quot=none	1	1	405	79	3	True
pre=slash|apos=backtick|hash=fullwidth|semi=none|term=none|hyph=none|quot=guillemets	1	1	433	79	4	True
pre=slash|apos=backtick|hash=fullwidth|semi=none|term=none|hyph=unicode|quot=none	0	0	404	80	4	True
pre=slash|apos=backtick|hash=fullwidth|semi=none|term=none|hyph=unicode|quot=guillemets	0	0	432	80	5	True
pre=slash|apos=backtick|hash=fullwidth|semi=none|term=space|hyph=none|quot=none	1	1	431	56	4	True
pre=slash|apos=backtick|hash=fullwidth|semi=none|term=space|hyph=none|quot=guillemets	1	1	459	56	5	True
pre=slash|apos=backtick|hash=fullwidth|semi=none|term=space|hyph=unicode|quot=none	0	0	431	56	5	True
pre=slash|apos=backtick|hash=fullwidth|semi=none|term=space|hyph=unicode|quot=guillemets	0	0	459	56	6	True
pre=slash|apos=backtick|hash=fullwidth|semi=none|term=nbsp|hyph=none|quot=none	1	1	431	56	4	True
pre=slash|apos=backtick|hash=fullwidth|semi=none|term=nbsp|hyph=none|quot=guillemets	1	1	459	56	5	True
pre=slash|apos=backtick|hash=fullwidth|semi=none|term=nbsp|hyph=unicode|quot=none	0	0	431	56	5	True
pre=slash|apos=backtick|hash=fullwidth|semi=none|term=nbsp|hyph=unicode|quot=guillemets	0	0	459	56	6	True
pre=slash|apos=backtick|hash=fullwidth|semi=fullwidth|term=none|hyph=none|quot=none	1	1	406	80	4	True
pre=slash|apos=backtick|hash=fullwidth|semi=fullwidth|term=none|hyph=none|quot=guillemets	1	1	434	80	5	True
pre=slash|apos=backtick|hash=fullwidth|semi=fullwidth|term=none|hyph=unicode|quot=none	0	0	405	81	5	True
pre=slash|apos=backtick|hash=fullwidth|semi=fullwidth|term=none|hyph=unicode|quot=guillemets	0	0	433	81	6	True
pre=slash|apos=backtick|hash=fullwidth|semi=fullwidth|term=space|hyph=none|quot=none	1	1	432	57	5	True
pre=slash|apos=backtick|hash=fullwidth|semi=fullwidth|term=space|hyph=none|quot=guillemets	1	1	460	57	6	True
pre=slash|apos=backtick|hash=fullwidth|semi=fullwidth|term=space|hyph=unicode|quot=none	0	0	432	57	6	True
pre=slash|apos=backtick|hash=fullwidth|semi=fullwidth|term=space|hyph=unicode|quot=guillemets	0	0	460	57	7	True
pre=slash|apos=backtick|hash=fullwidth|semi=fullwidth|term=nbsp|hyph=none|quot=none	1	1	432	57	5	True
pre=slash|apos=backtick|hash=fullwidth|semi=fullwidth|term=nbsp|hyph=none|quot=guillemets	1	1	460	57	6	True
pre=slash|apos=backtick|hash=fullwidth|semi=fullwidth|term=nbsp|hyph=unicode|quot=none	0	0	432	57	6	True
pre=slash|apos=backtick|hash=fullwidth|semi=fullwidth|term=nbsp|hyph=unicode|quot=guillemets	0	0	460	57	7	True
pre=spade|apos=none|hash=none|semi=none|term=none|hyph=none|quot=none	4	4	366	115	1	True
pre=spade|apos=none|hash=none|semi=none|term=none|hyph=none|quot=guillemets	4	4	394	115	2	True
pre=spade|apos=none|hash=none|semi=none|term=none|hyph=unicode|quot=none	3	3	365	116	2	True
pre=spade|apos=none|hash=none|semi=none|term=none|hyph=unicode|quot=guillemets	3	3	393	116	3	True
pre=spade|apos=none|hash=none|semi=none|term=space|hyph=none|quot=none	4	4	389	94	2	True
pre=spade|apos=none|hash=none|semi=none|term=space|hyph=none|quot=guillemets	4	4	417	94	3	True
pre=spade|apos=none|hash=none|semi=none|term=space|hyph=unicode|quot=none	3	3	389	94	3	True
pre=spade|apos=none|hash=none|semi=none|term=space|hyph=unicode|quot=guillemets	3	3	417	94	4	True
pre=spade|apos=none|hash=none|semi=none|term=nbsp|hyph=none|quot=none	4	4	389	94	2	True
pre=spade|apos=none|hash=none|semi=none|term=nbsp|hyph=none|quot=guillemets	4	4	417	94	3	True
pre=spade|apos=none|hash=none|semi=none|term=nbsp|hyph=unicode|quot=none	3	3	389	94	3	True
pre=spade|apos=none|hash=none|semi=none|term=nbsp|hyph=unicode|quot=guillemets	3	3	417	94	4	True
pre=spade|apos=none|hash=none|semi=fullwidth|term=none|hyph=none|quot=none	4	4	367	116	2	True
pre=spade|apos=none|hash=none|semi=fullwidth|term=none|hyph=none|quot=guillemets	4	4	395	116	3	True
pre=spade|apos=none|hash=none|semi=fullwidth|term=none|hyph=unicode|quot=none	3	3	366	117	3	True
pre=spade|apos=none|hash=none|semi=fullwidth|term=none|hyph=unicode|quot=guillemets	3	3	394	117	4	True
pre=spade|apos=none|hash=none|semi=fullwidth|term=space|hyph=none|quot=none	4	4	390	95	3	True
pre=spade|apos=none|hash=none|semi=fullwidth|term=space|hyph=none|quot=guillemets	4	4	418	95	4	True
pre=spade|apos=none|hash=none|semi=fullwidth|term=space|hyph=unicode|quot=none	3	3	390	95	4	True
pre=spade|apos=none|hash=none|semi=fullwidth|term=space|hyph=unicode|quot=guillemets	3	3	418	95	5	True
pre=spade|apos=none|hash=none|semi=fullwidth|term=nbsp|hyph=none|quot=none	4	4	390	95	3	True
pre=spade|apos=none|hash=none|semi=fullwidth|term=nbsp|hyph=none|quot=guillemets	4	4	418	95	4	True
pre=spade|apos=none|hash=none|semi=fullwidth|term=nbsp|hyph=unicode|quot=none	3	3	390	95	4	True
pre=spade|apos=none|hash=none|semi=fullwidth|term=nbsp|hyph=unicode|quot=guillemets	3	3	418	95	5	True
pre=spade|apos=none|hash=fullwidth|semi=none|term=none|hyph=none|quot=none	4	4	366	115	2	True
pre=spade|apos=none|hash=fullwidth|semi=none|term=none|hyph=none|quot=guillemets	4	4	394	115	3	True
pre=spade|apos=none|hash=fullwidth|semi=none|term=none|hyph=unicode|quot=none	3	3	365	116	3	True
pre=spade|apos=none|hash=fullwidth|semi=none|term=none|hyph=unicode|quot=guillemets	3	3	393	116	4	True
pre=spade|apos=none|hash=fullwidth|semi=none|term=space|hyph=none|quot=none	4	4	389	94	3	True
pre=spade|apos=none|hash=fullwidth|semi=none|term=space|hyph=none|quot=guillemets	4	4	417	94	4	True
pre=spade|apos=none|hash=fullwidth|semi=none|term=space|hyph=unicode|quot=none	3	3	389	94	4	True
pre=spade|apos=none|hash=fullwidth|semi=none|term=space|hyph=unicode|quot=guillemets	3	3	417	94	5	True
pre=spade|apos=none|hash=fullwidth|semi=none|term=nbsp|hyph=none|quot=none	4	4	389	94	3	True
pre=spade|apos=none|hash=fullwidth|semi=none|term=nbsp|hyph=none|quot=guillemets	4	4	417	94	4	True
pre=spade|apos=none|hash=fullwidth|semi=none|term=nbsp|hyph=unicode|quot=none	3	3	389	94	4	True
pre=spade|apos=none|hash=fullwidth|semi=none|term=nbsp|hyph=unicode|quot=guillemets	3	3	417	94	5	True
pre=spade|apos=none|hash=fullwidth|semi=fullwidth|term=none|hyph=none|quot=none	4	4	367	116	3	True
pre=spade|apos=none|hash=fullwidth|semi=fullwidth|term=none|hyph=none|quot=guillemets	4	4	395	116	4	True
pre=spade|apos=none|hash=fullwidth|semi=fullwidth|term=none|hyph=unicode|quot=none	3	3	366	117	4	True
pre=spade|apos=none|hash=fullwidth|semi=fullwidth|term=none|hyph=unicode|quot=guillemets	3	3	394	117	5	True
pre=spade|apos=none|hash=fullwidth|semi=fullwidth|term=space|hyph=none|quot=none	4	4	390	95	4	True
pre=spade|apos=none|hash=fullwidth|semi=fullwidth|term=space|hyph=none|quot=guillemets	4	4	418	95	5	True
pre=spade|apos=none|hash=fullwidth|semi=fullwidth|term=space|hyph=unicode|quot=none	3	3	390	95	5	True
pre=spade|apos=none|hash=fullwidth|semi=fullwidth|term=space|hyph=unicode|quot=guillemets	3	3	418	95	6	True
pre=spade|apos=none|hash=fullwidth|semi=fullwidth|term=nbsp|hyph=none|quot=none	4	4	390	95	4	True
pre=spade|apos=none|hash=fullwidth|semi=fullwidth|term=nbsp|hyph=none|quot=guillemets	4	4	418	95	5	True
pre=spade|apos=none|hash=fullwidth|semi=fullwidth|term=nbsp|hyph=unicode|quot=none	3	3	390	95	5	True
pre=spade|apos=none|hash=fullwidth|semi=fullwidth|term=nbsp|hyph=unicode|quot=guillemets	3	3	418	95	6	True
pre=spade|apos=escaped|hash=none|semi=none|term=none|hyph=none|quot=none	1	1	405	115	2	True
pre=spade|apos=escaped|hash=none|semi=none|term=none|hyph=none|quot=guillemets	1	1	433	115	3	True
pre=spade|apos=escaped|hash=none|semi=none|term=none|hyph=unicode|quot=none	0	0	404	116	3	True
pre=spade|apos=escaped|hash=none|semi=none|term=none|hyph=unicode|quot=guillemets	0	0	432	116	4	True
pre=spade|apos=escaped|hash=none|semi=none|term=space|hyph=none|quot=none	1	1	431	94	3	True
pre=spade|apos=escaped|hash=none|semi=none|term=space|hyph=none|quot=guillemets	1	1	459	94	4	True
pre=spade|apos=escaped|hash=none|semi=none|term=space|hyph=unicode|quot=none	0	0	431	94	4	True
pre=spade|apos=escaped|hash=none|semi=none|term=space|hyph=unicode|quot=guillemets	0	0	459	94	5	True
pre=spade|apos=escaped|hash=none|semi=none|term=nbsp|hyph=none|quot=none	1	1	431	94	3	True
pre=spade|apos=escaped|hash=none|semi=none|term=nbsp|hyph=none|quot=guillemets	1	1	459	94	4	True
pre=spade|apos=escaped|hash=none|semi=none|term=nbsp|hyph=unicode|quot=none	0	0	431	94	4	True
pre=spade|apos=escaped|hash=none|semi=none|term=nbsp|hyph=unicode|quot=guillemets	0	0	459	94	5	True
pre=spade|apos=escaped|hash=none|semi=fullwidth|term=none|hyph=none|quot=none	1	1	406	116	3	True
pre=spade|apos=escaped|hash=none|semi=fullwidth|term=none|hyph=none|quot=guillemets	1	1	434	116	4	True
pre=spade|apos=escaped|hash=none|semi=fullwidth|term=none|hyph=unicode|quot=none	0	0	405	117	4	True
pre=spade|apos=escaped|hash=none|semi=fullwidth|term=none|hyph=unicode|quot=guillemets	0	0	433	117	5	True
pre=spade|apos=escaped|hash=none|semi=fullwidth|term=space|hyph=none|quot=none	1	1	432	95	4	True
pre=spade|apos=escaped|hash=none|semi=fullwidth|term=space|hyph=none|quot=guillemets	1	1	460	95	5	True
pre=spade|apos=escaped|hash=none|semi=fullwidth|term=space|hyph=unicode|quot=none	0	0	432	95	5	True
pre=spade|apos=escaped|hash=none|semi=fullwidth|term=space|hyph=unicode|quot=guillemets	0	0	460	95	6	True
pre=spade|apos=escaped|hash=none|semi=fullwidth|term=nbsp|hyph=none|quot=none	1	1	432	95	4	True
pre=spade|apos=escaped|hash=none|semi=fullwidth|term=nbsp|hyph=none|quot=guillemets	1	1	460	95	5	True
pre=spade|apos=escaped|hash=none|semi=fullwidth|term=nbsp|hyph=unicode|quot=none	0	0	432	95	5	True
pre=spade|apos=escaped|hash=none|semi=fullwidth|term=nbsp|hyph=unicode|quot=guillemets	0	0	460	95	6	True
pre=spade|apos=escaped|hash=fullwidth|semi=none|term=none|hyph=none|quot=none	1	1	405	115	3	True
pre=spade|apos=escaped|hash=fullwidth|semi=none|term=none|hyph=none|quot=guillemets	1	1	433	115	4	True
pre=spade|apos=escaped|hash=fullwidth|semi=none|term=none|hyph=unicode|quot=none	0	0	404	116	4	True
pre=spade|apos=escaped|hash=fullwidth|semi=none|term=none|hyph=unicode|quot=guillemets	0	0	432	116	5	True
pre=spade|apos=escaped|hash=fullwidth|semi=none|term=space|hyph=none|quot=none	1	1	431	94	4	True
pre=spade|apos=escaped|hash=fullwidth|semi=none|term=space|hyph=none|quot=guillemets	1	1	459	94	5	True
pre=spade|apos=escaped|hash=fullwidth|semi=none|term=space|hyph=unicode|quot=none	0	0	431	94	5	True
pre=spade|apos=escaped|hash=fullwidth|semi=none|term=space|hyph=unicode|quot=guillemets	0	0	459	94	6	True
pre=spade|apos=escaped|hash=fullwidth|semi=none|term=nbsp|hyph=none|quot=none	1	1	431	94	4	True
pre=spade|apos=escaped|hash=fullwidth|semi=none|term=nbsp|hyph=none|quot=guillemets	1	1	459	94	5	True
pre=spade|apos=escaped|hash=fullwidth|semi=none|term=nbsp|hyph=unicode|quot=none	0	0	431	94	5	True
pre=spade|apos=escaped|hash=fullwidth|semi=none|term=nbsp|hyph=unicode|quot=guillemets	0	0	459	94	6	True
pre=spade|apos=escaped|hash=fullwidth|semi=fullwidth|term=none|hyph=none|quot=none	1	1	406	116	4	True
pre=spade|apos=escaped|hash=fullwidth|semi=fullwidth|term=none|hyph=none|quot=guillemets	1	1	434	116	5	True
pre=spade|apos=escaped|hash=fullwidth|semi=fullwidth|term=none|hyph=unicode|quot=none	0	0	405	117	5	True
pre=spade|apos=escaped|hash=fullwidth|semi=fullwidth|term=none|hyph=unicode|quot=guillemets	0	0	433	117	6	True
pre=spade|apos=escaped|hash=fullwidth|semi=fullwidth|term=space|hyph=none|quot=none	1	1	432	95	5	True
pre=spade|apos=escaped|hash=fullwidth|semi=fullwidth|term=space|hyph=none|quot=guillemets	1	1	460	95	6	True
pre=spade|apos=escaped|hash=fullwidth|semi=fullwidth|term=space|hyph=unicode|quot=none	0	0	432	95	6	True
pre=spade|apos=escaped|hash=fullwidth|semi=fullwidth|term=space|hyph=unicode|quot=guillemets	0	0	460	95	7	True
pre=spade|apos=escaped|hash=fullwidth|semi=fullwidth|term=nbsp|hyph=none|quot=none	1	1	432	95	5	True
pre=spade|apos=escaped|hash=fullwidth|semi=fullwidth|term=nbsp|hyph=none|quot=guillemets	1	1	460	95	6	True
pre=spade|apos=escaped|hash=fullwidth|semi=fullwidth|term=nbsp|hyph=unicode|quot=none	0	0	432	95	6	True
pre=spade|apos=escaped|hash=fullwidth|semi=fullwidth|term=nbsp|hyph=unicode|quot=guillemets	0	0	460	95	7	True
pre=spade|apos=modifier|hash=none|semi=none|term=none|hyph=none|quot=none	1	1	405	79	2	True
pre=spade|apos=modifier|hash=none|semi=none|term=none|hyph=none|quot=guillemets	1	1	433	79	3	True
pre=spade|apos=modifier|hash=none|semi=none|term=none|hyph=unicode|quot=none	0	0	404	80	3	True
pre=spade|apos=modifier|hash=none|semi=none|term=none|hyph=unicode|quot=guillemets	0	0	432	80	4	True
pre=spade|apos=modifier|hash=none|semi=none|term=space|hyph=none|quot=none	1	1	431	56	3	True
pre=spade|apos=modifier|hash=none|semi=none|term=space|hyph=none|quot=guillemets	1	1	459	56	4	True
pre=spade|apos=modifier|hash=none|semi=none|term=space|hyph=unicode|quot=none	0	0	431	56	4	True
pre=spade|apos=modifier|hash=none|semi=none|term=space|hyph=unicode|quot=guillemets	0	0	459	56	5	True
pre=spade|apos=modifier|hash=none|semi=none|term=nbsp|hyph=none|quot=none	1	1	431	56	3	True
pre=spade|apos=modifier|hash=none|semi=none|term=nbsp|hyph=none|quot=guillemets	1	1	459	56	4	True
pre=spade|apos=modifier|hash=none|semi=none|term=nbsp|hyph=unicode|quot=none	0	0	431	56	4	True
pre=spade|apos=modifier|hash=none|semi=none|term=nbsp|hyph=unicode|quot=guillemets	0	0	459	56	5	True
pre=spade|apos=modifier|hash=none|semi=fullwidth|term=none|hyph=none|quot=none	1	1	406	80	3	True
pre=spade|apos=modifier|hash=none|semi=fullwidth|term=none|hyph=none|quot=guillemets	1	1	434	80	4	True
pre=spade|apos=modifier|hash=none|semi=fullwidth|term=none|hyph=unicode|quot=none	0	0	405	81	4	True
pre=spade|apos=modifier|hash=none|semi=fullwidth|term=none|hyph=unicode|quot=guillemets	0	0	433	81	5	True
pre=spade|apos=modifier|hash=none|semi=fullwidth|term=space|hyph=none|quot=none	1	1	432	57	4	True
pre=spade|apos=modifier|hash=none|semi=fullwidth|term=space|hyph=none|quot=guillemets	1	1	460	57	5	True
pre=spade|apos=modifier|hash=none|semi=fullwidth|term=space|hyph=unicode|quot=none	0	0	432	57	5	True
pre=spade|apos=modifier|hash=none|semi=fullwidth|term=space|hyph=unicode|quot=guillemets	0	0	460	57	6	True
pre=spade|apos=modifier|hash=none|semi=fullwidth|term=nbsp|hyph=none|quot=none	1	1	432	57	4	True
pre=spade|apos=modifier|hash=none|semi=fullwidth|term=nbsp|hyph=none|quot=guillemets	1	1	460	57	5	True
pre=spade|apos=modifier|hash=none|semi=fullwidth|term=nbsp|hyph=unicode|quot=none	0	0	432	57	5	True
pre=spade|apos=modifier|hash=none|semi=fullwidth|term=nbsp|hyph=unicode|quot=guillemets	0	0	460	57	6	True
pre=spade|apos=modifier|hash=fullwidth|semi=none|term=none|hyph=none|quot=none	1	1	405	79	3	True
pre=spade|apos=modifier|hash=fullwidth|semi=none|term=none|hyph=none|quot=guillemets	1	1	433	79	4	True
pre=spade|apos=modifier|hash=fullwidth|semi=none|term=none|hyph=unicode|quot=none	0	0	404	80	4	True
pre=spade|apos=modifier|hash=fullwidth|semi=none|term=none|hyph=unicode|quot=guillemets	0	0	432	80	5	True
pre=spade|apos=modifier|hash=fullwidth|semi=none|term=space|hyph=none|quot=none	1	1	431	56	4	True
pre=spade|apos=modifier|hash=fullwidth|semi=none|term=space|hyph=none|quot=guillemets	1	1	459	56	5	True
pre=spade|apos=modifier|hash=fullwidth|semi=none|term=space|hyph=unicode|quot=none	0	0	431	56	5	True
pre=spade|apos=modifier|hash=fullwidth|semi=none|term=space|hyph=unicode|quot=guillemets	0	0	459	56	6	True
pre=spade|apos=modifier|hash=fullwidth|semi=none|term=nbsp|hyph=none|quot=none	1	1	431	56	4	True
pre=spade|apos=modifier|hash=fullwidth|semi=none|term=nbsp|hyph=none|quot=guillemets	1	1	459	56	5	True
pre=spade|apos=modifier|hash=fullwidth|semi=none|term=nbsp|hyph=unicode|quot=none	0	0	431	56	5	True
pre=spade|apos=modifier|hash=fullwidth|semi=none|term=nbsp|hyph=unicode|quot=guillemets	0	0	459	56	6	True
pre=spade|apos=modifier|hash=fullwidth|semi=fullwidth|term=none|hyph=none|quot=none	1	1	406	80	4	True
pre=spade|apos=modifier|hash=fullwidth|semi=fullwidth|term=none|hyph=none|quot=guillemets	1	1	434	80	5	True
pre=spade|apos=modifier|hash=fullwidth|semi=fullwidth|term=none|hyph=unicode|quot=none	0	0	405	81	5	True
pre=spade|apos=modifier|hash=fullwidth|semi=fullwidth|term=none|hyph=unicode|quot=guillemets	0	0	433	81	6	True
pre=spade|apos=modifier|hash=fullwidth|semi=fullwidth|term=space|hyph=none|quot=none	1	1	432	57	5	True
pre=spade|apos=modifier|hash=fullwidth|semi=fullwidth|term=space|hyph=none|quot=guillemets	1	1	460	57	6	True
pre=spade|apos=modifier|hash=fullwidth|semi=fullwidth|term=space|hyph=unicode|quot=none	0	0	432	57	6	True
pre=spade|apos=modifier|hash=fullwidth|semi=fullwidth|term=space|hyph=unicode|quot=guillemets	0	0	460	57	7	True
pre=spade|apos=modifier|hash=fullwidth|semi=fullwidth|term=nbsp|hyph=none|quot=none	1	1	432	57	5	True
pre=spade|apos=modifier|hash=fullwidth|semi=fullwidth|term=nbsp|hyph=none|quot=guillemets	1	1	460	57	6	True
pre=spade|apos=modifier|hash=fullwidth|semi=fullwidth|term=nbsp|hyph=unicode|quot=none	0	0	432	57	6	True
pre=spade|apos=modifier|hash=fullwidth|semi=fullwidth|term=nbsp|hyph=unicode|quot=guillemets	0	0	460	57	7	True
pre=spade|apos=backtick|hash=none|semi=none|term=none|hyph=none|quot=none	1	1	405	79	2	True
pre=spade|apos=backtick|hash=none|semi=none|term=none|hyph=none|quot=guillemets	1	1	433	79	3	True
pre=spade|apos=backtick|hash=none|semi=none|term=none|hyph=unicode|quot=none	0	0	404	80	3	True
pre=spade|apos=backtick|hash=none|semi=none|term=none|hyph=unicode|quot=guillemets	0	0	432	80	4	True
pre=spade|apos=backtick|hash=none|semi=none|term=space|hyph=none|quot=none	1	1	431	56	3	True
pre=spade|apos=backtick|hash=none|semi=none|term=space|hyph=none|quot=guillemets	1	1	459	56	4	True
pre=spade|apos=backtick|hash=none|semi=none|term=space|hyph=unicode|quot=none	0	0	431	56	4	True
pre=spade|apos=backtick|hash=none|semi=none|term=space|hyph=unicode|quot=guillemets	0	0	459	56	5	True
pre=spade|apos=backtick|hash=none|semi=none|term=nbsp|hyph=none|quot=none	1	1	431	56	3	True
pre=spade|apos=backtick|hash=none|semi=none|term=nbsp|hyph=none|quot=guillemets	1	1	459	56	4	True
pre=spade|apos=backtick|hash=none|semi=none|term=nbsp|hyph=unicode|quot=none	0	0	431	56	4	True
pre=spade|apos=backtick|hash=none|semi=none|term=nbsp|hyph=unicode|quot=guillemets	0	0	459	56	5	True
pre=spade|apos=backtick|hash=none|semi=fullwidth|term=none|hyph=none|quot=none	1	1	406	80	3	True
pre=spade|apos=backtick|hash=none|semi=fullwidth|term=none|hyph=none|quot=guillemets	1	1	434	80	4	True
pre=spade|apos=backtick|hash=none|semi=fullwidth|term=none|hyph=unicode|quot=none	0	0	405	81	4	True
pre=spade|apos=backtick|hash=none|semi=fullwidth|term=none|hyph=unicode|quot=guillemets	0	0	433	81	5	True
pre=spade|apos=backtick|hash=none|semi=fullwidth|term=space|hyph=none|quot=none	1	1	432	57	4	True
pre=spade|apos=backtick|hash=none|semi=fullwidth|term=space|hyph=none|quot=guillemets	1	1	460	57	5	True
pre=spade|apos=backtick|hash=none|semi=fullwidth|term=space|hyph=unicode|quot=none	0	0	432	57	5	True
pre=spade|apos=backtick|hash=none|semi=fullwidth|term=space|hyph=unicode|quot=guillemets	0	0	460	57	6	True
pre=spade|apos=backtick|hash=none|semi=fullwidth|term=nbsp|hyph=none|quot=none	1	1	432	57	4	True
pre=spade|apos=backtick|hash=none|semi=fullwidth|term=nbsp|hyph=none|quot=guillemets	1	1	460	57	5	True
pre=spade|apos=backtick|hash=none|semi=fullwidth|term=nbsp|hyph=unicode|quot=none	0	0	432	57	5	True
pre=spade|apos=backtick|hash=none|semi=fullwidth|term=nbsp|hyph=unicode|quot=guillemets	0	0	460	57	6	True
pre=spade|apos=backtick|hash=fullwidth|semi=none|term=none|hyph=none|quot=none	1	1	405	79	3	True
pre=spade|apos=backtick|hash=fullwidth|semi=none|term=none|hyph=none|quot=guillemets	1	1	433	79	4	True
pre=spade|apos=backtick|hash=fullwidth|semi=none|term=none|hyph=unicode|quot=none	0	0	404	80	4	True
pre=spade|apos=backtick|hash=fullwidth|semi=none|term=none|hyph=unicode|quot=guillemets	0	0	432	80	5	True
pre=spade|apos=backtick|hash=fullwidth|semi=none|term=space|hyph=none|quot=none	1	1	431	56	4	True
pre=spade|apos=backtick|hash=fullwidth|semi=none|term=space|hyph=none|quot=guillemets	1	1	459	56	5	True
pre=spade|apos=backtick|hash=fullwidth|semi=none|term=space|hyph=unicode|quot=none	0	0	431	56	5	True
pre=spade|apos=backtick|hash=fullwidth|semi=none|term=space|hyph=unicode|quot=guillemets	0	0	459	56	6	True
pre=spade|apos=backtick|hash=fullwidth|semi=none|term=nbsp|hyph=none|quot=none	1	1	431	56	4	True
pre=spade|apos=backtick|hash=fullwidth|semi=none|term=nbsp|hyph=none|quot=guillemets	1	1	459	56	5	True
pre=spade|apos=backtick|hash=fullwidth|semi=none|term=nbsp|hyph=unicode|quot=none	0	0	431	56	5	True
pre=spade|apos=backtick|hash=fullwidth|semi=none|term=nbsp|hyph=unicode|quot=guillemets	0	0	459	56	6	True
pre=spade|apos=backtick|hash=fullwidth|semi=fullwidth|term=none|hyph=none|quot=none	1	1	406	80	4	True
pre=spade|apos=backtick|hash=fullwidth|semi=fullwidth|term=none|hyph=none|quot=guillemets	1	1	434	80	5	True
pre=spade|apos=backtick|hash=fullwidth|semi=fullwidth|term=none|hyph=unicode|quot=none	0	0	405	81	5	True
pre=spade|apos=backtick|hash=fullwidth|semi=fullwidth|term=none|hyph=unicode|quot=guillemets	0	0	433	81	6	True
pre=spade|apos=backtick|hash=fullwidth|semi=fullwidth|term=space|hyph=none|quot=none	1	1	432	57	5	True
pre=spade|apos=backtick|hash=fullwidth|semi=fullwidth|term=space|hyph=none|quot=guillemets	1	1	460	57	6	True
pre=spade|apos=backtick|hash=fullwidth|semi=fullwidth|term=space|hyph=unicode|quot=none	0	0	432	57	6	True
pre=spade|apos=backtick|hash=fullwidth|semi=fullwidth|term=space|hyph=unicode|quot=guillemets	0	0	460	57	7	True
pre=spade|apos=backtick|hash=fullwidth|semi=fullwidth|term=nbsp|hyph=none|quot=none	1	1	432	57	5	True
pre=spade|apos=backtick|hash=fullwidth|semi=fullwidth|term=nbsp|hyph=none|quot=guillemets	1	1	460	57	6	True
pre=spade|apos=backtick|hash=fullwidth|semi=fullwidth|term=nbsp|hyph=unicode|quot=none	0	0	432	57	6	True
pre=spade|apos=backtick|hash=fullwidth|semi=fullwidth|term=nbsp|hyph=unicode|quot=guillemets	0	0	460	57	7	True
