eval_id	step	mutation_tested	score_before	score_after	status	affected_sentences	config_key
0	0	baseline	N/A	Errors=77 FailSent=72 UsefulAST=6153 BoundDiff=1657 Muts=0	accepted	0	pre=none|apos=none|hash=none|semi=none|term=none|hyph=none|quot=none
12	1	Apos=modifier	Errors=77 FailSent=72 UsefulAST=6153 BoundDiff=1657 Muts=0	Errors=33 FailSent=31 UsefulAST=6583 BoundDiff=1276 Muts=1	accepted	41	pre=none|apos=modifier|hash=none|semi=none|term=none|hyph=none|quot=none
24	2	Prefix=qmark	Errors=33 FailSent=31 UsefulAST=6583 BoundDiff=1276 Muts=1	Errors=7 FailSent=6 UsefulAST=7054 BoundDiff=1276 Muts=2	accepted	25	pre=qmark|apos=modifier|hash=none|semi=none|term=none|hyph=none|quot=none
36	3	Semi=fullwidth	Errors=7 FailSent=6 UsefulAST=7054 BoundDiff=1276 Muts=2	Errors=3 FailSent=3 UsefulAST=7061 BoundDiff=1283 Muts=3	accepted	3	pre=qmark|apos=modifier|hash=none|semi=fullwidth|term=none|hyph=none|quot=none
48	4	Hash=fullwidth	Errors=3 FailSent=3 UsefulAST=7061 BoundDiff=1283 Muts=3	Errors=2 FailSent=2 UsefulAST=7063 BoundDiff=1283 Muts=4	accepted	1	pre=qmark|apos=modifier|hash=fullwidth|semi=fullwidth|term=none|hyph=none|quot=none
60	5	Hyphen=unicode	Errors=2 FailSent=2 UsefulAST=7063 BoundDiff=1283 Muts=4	Errors=1 FailSent=1 UsefulAST=7062 BoundDiff=1284 Muts=5	accepted	1	pre=qmark|apos=modifier|hash=fullwidth|semi=fullwidth|term=none|hyph=unicode|quot=none
72	6	Quote=guillemets	Errors=1 FailSent=1 UsefulAST=7062 BoundDiff=1284 Muts=5	Errors=1 FailSent=1 UsefulAST=7579 BoundDiff=1282 Muts=6	accepted	0	pre=qmark|apos=modifier|hash=fullwidth|semi=fullwidth|term=none|hyph=unicode|quot=guillemets
84	7	Term=space	Errors=1 FailSent=1 UsefulAST=7579 BoundDiff=1282 Muts=6	Errors=1 FailSent=1 UsefulAST=8037 BoundDiff=831 Muts=7	accepted	0	pre=qmark|apos=modifier|hash=fullwidth|semi=fullwidth|term=space|hyph=unicode|quot=guillemets
96	8	Prefix=slash	Errors=1 FailSent=1 UsefulAST=8037 BoundDiff=831 Muts=7	Errors=1 FailSent=1 UsefulAST=8037 BoundDiff=831 Muts=7	neutral	0	pre=slash|apos=modifier|hash=fullwidth|semi=fullwidth|term=space|hyph=unicode|quot=guillemets
108	9	Prefix=qmark	Errors=1 FailSent=1 UsefulAST=8037 BoundDiff=831 Muts=7	Errors=1 FailSent=1 UsefulAST=8037 BoundDiff=831 Muts=7	neutral	0	pre=qmark|apos=modifier|hash=fullwidth|semi=fullwidth|term=space|hyph=unicode|quot=guillemets
120	10	Prefix=slash	Errors=1 FailSent=1 UsefulAST=8037 BoundDiff=831 Muts=7	Errors=1 FailSent=1 UsefulAST=8037 BoundDiff=831 Muts=7	neutral	0	pre=slash|apos=modifier|hash=fullwidth|semi=fullwidth|term=space|hyph=unicode|quot=guillemets
132	11	Prefix=qmark	Errors=1 FailSent=1 UsefulAST=8037 BoundDiff=831 Muts=7	Errors=1 FailSent=1 UsefulAST=8037 BoundDiff=831 Muts=7	neutral	0	pre=qmark|apos=modifier|hash=fullwidth|semi=fullwidth|term=space|hyph=unicode|quot=guillemets
144	12	Prefix=slash	Errors=1 FailSent=1 UsefulAST=8037 BoundDiff=831 Muts=7	Errors=1 FailSent=1 UsefulAST=8037 BoundDiff=831 Muts=7	neutral	0	pre=slash|apos=modifier|hash=fullwidth|semi=fullwidth|term=space|hyph=unicode|quot=guillemets
