homograph	misaki_key	misaki_phonemes	wordid	whd_ipa	distance	flag
abstract	DEFAULT	ˈæbstɹˌækt	abstract_adj-nou	'æbˌstɹækt	0	
abstract	VERB	əbstɹˈækt	abstract_vrb	əb'stɹækt	0	
abuse	DEFAULT	əbjˈuz	abuse_vrb	ə'bjuːz	0	
abuse	NOUN	əbjˈus	abuse_nou	ə'bjuːs	0	
abuses	DEFAULT	əbjˈuzᵻz	abuses_vrb	ə'bjuː1zə	0	REVIEWED
abuses	NOUN	əbjˈusᵻz	abuses_nou	ə'bjuː1səz	2	
addict	DEFAULT	ˈædɪkt	addict_nou	'ædəkt	1	
addict	VERB	ədˈɪkt	addict_vrb	ə'dɪkt	0	
advocate	DEFAULT	ˈædvəkət	advocate_nou	'ædvəkət	0	
advocate	VERB	ˈædvəkˌAt	advocate_vrb	'ædvəˌkeɪt	0	
affect	DEFAULT	ˈæfˌɛkt	affect_nou-psy	'æˌfɛkt	0	
affect	VERB	əfˈɛkt	affect	ə'fɛkt	0	
affiliate	DEFAULT	əfˈɪliət	affiliate_nou	ə'fɪˌliːət	0	
affiliate	VERB	əfˈɪliˌAt	affiliate_vrb	ə0'fɪˌliːˌeɪt	1	
aged	ONLY	ˈAʤd	aged	'eɪʤd	0	
aggregate	DEFAULT	ˈæɡɹəɡət	aggregate_adj-nou	'æɡɹəɡət	0	
aggregate	VERB	ˈæɡɹəɡˌAt	aggregate_vrb	'æɡɹəˌɡeɪt	0	
alternate	DEFAULT	ˈɔltəɹnət	alternate_adj-nou	'ɑːltɚnət	1	
alternate	VERB	ˈɔltəɹnˌAt	alternate_vrb	'ɑːltɚˌneɪt	1	
analyses	DEFAULT	ənˈæləsˌiz	analyses_nou	ə'næləˌsiːz	0	
analyses	VERB	ˈænᵊlˌIzᵻz	analyses_vrb	'ænəˌlaɪzəz	1	
animate	ADJ	ˈænəmət	animate_adj-nou	'ænəmət	0	
animate	DEFAULT	ˈænəmˌAt	animate_vrb	'ænəˌmeɪt	0	
appropriate	DEFAULT	əpɹˈOpɹiət	appropriate_adj	ə'pɹoʊˌpɹiːət	0	
appropriate	VERB	əpɹˈOpɹiˌAt	appropriate_vrb	ə'pɹoʊˌpɹiːˌeɪt	0	
approximate	DEFAULT	əpɹˈɑksəmət	approximate_adj-nou	ə'pɹɑːksəmət	0	
approximate	VERB	əpɹˈɑksəmˌAt	approximate_vrb	ə'pɹɑːsəˌmeɪt	1	
articulate	DEFAULT	ɑɹtˈɪkjələt	articulate_adj	ɑːɹ'tɪkjələt	0	
articulate	VERB	ɑɹtˈɪkjəlˌAt	articulate_vrb	ˌɑːɹ'tɪkjəˌleɪt	0	
associate	DEFAULT	əsˈOsiət	associate_adj-nou	ə'soʊˌsiːət	0	
associate	VERB	əsˈOsiˌAt	associate_vrb	ə'soʊˌsiːˌeɪt	0	
attribute	DEFAULT	ˈætɹəbjˌut	attribute_nou	'ætɹəˌbjuːt	0	
attribute	VERB	ətɹˈɪbjˌut	attribute_vrb	ə'tɹɪˌbjuːt	0	
august	ONLY	ɔɡˈʌst	august_adj	ˌɑː'ɡʌst	1	
axes	DEFAULT	ˈæksˌiz	axes_nou	'ækˌsiːz	0	
axes	VERB	ˈæksᵻz	axes_nou-vrb	'æksəz	0	REVIEWED
bass	ADJ	bˈAs	bass	'beɪs	0	
bass	DEFAULT	bˈæs	bass_corp	'bæs	0	
blessed	ONLY	blˈɛst	blessed_vrb	'blɛst	0	
bologna	ONLY	bəlˈOnjə	bologna_geo	bə'loʊnjə	0	
bow	DEFAULT	bˈO	bow_nou-knot	'boʊ	0	
bow	VERB	bˈW	bow_nou-ship	'baʊ	0	
buffet	DEFAULT	bʊfˈA	buffet_nou	ˌbʌ'feɪ	1	
buffet	VERB	bˈʌfət	buffet_vrb	'bʌfət	0	
celtic	ONLY	kˈɛltɪk	celtic	'kɛltək	1	
close	DEFAULT	klˈOs	close_adj-nou	'kloʊs	0	
close	NOUN	klˈOz	close_vrb	'kloʊz	0	
close	VERB	klˈOz	close_vrb	'kloʊz	0	
combine	DEFAULT	kəmbˈIn	combine_vrb	kəm'baɪn	0	
combine	NOUN	kˈɑmbˌIn	combine_nou	'kɑːmˌbaɪn	0	
compact	ADJ	kˈɑmpˌækt	compact_adj-nou	'kɑːmˌpækt	0	
compact	DEFAULT	kˈɑmpˌækt	compact_adj-nou	'kɑːmˌpækt	0	
compact	VERB	kəmpˈækt	compact_vrb	kəm'pækt	0	
compound	DEFAULT	kˈɑmpˌWnd	compound_nou	'kɑːmˌpaʊnd	0	
compound	VERB	kəmpˈWnd	compound_vrb	kəm'paʊnd	0	
compress	DEFAULT	kəmpɹˈɛs	compress	kəm'pɹɛs	0	
compress	NOUN	kˈɑmpɹˌɛs	compress_nou	'kɑːmˌpɹɛs	0	
conduct	DEFAULT	kˈɑndˌʌkt	conduct_nou	'kɑːnˌdʌkt	0	
conduct	VERB	kəndˈʌkt	conduct_vrb	kən'dʌkt	0	
confines	DEFAULT	kənfˈInz	confines_vrb	kən'faɪnz	0	
confines	NOUN	kˈɑnfInz	confines_nou	'kɑːnˌfaɪnz	0	
conflict	DEFAULT	kˈɑnflˌɪkt	conflict_nou	'kɑːnfləkt	1	
conflict	VERB	kənflˈɪkt	conflict_vrb	kən'flɪkt	0	
conglomerate	DEFAULT	kənɡlˈɑməɹət	conglomerate_adj-nou	kən'ɡlɑːmɚət	0	
conglomerate	VERB	kənɡlˈɑməɹˌAt	conglomerate_vrb	kən'ɡlɑːmɚˌeɪt	0	
conjugate	DEFAULT	kˈɑnʤəɡət	conjugate_adj-nou	'kɑːnʤəɡət	0	
conjugate	VERB	kˈɑnʤəɡˌAt	conjugate_vrb	'kɑːnʤəˌɡeɪt	0	
conscript	DEFAULT	kˈɑnskɹˌɪpt	conscript_nou	'kɑːnˌskɹɪpt	0	
conscript	VERB	kənskɹˈɪpt	conscript_vrb	kən'skɹɪpt	0	
console	DEFAULT	kˈɑnsˌOl	console_nou	'kɑːnˌsoʊl	0	
console	VERB	kənsˈOl	console_vrb	kən'soʊl	0	
consort	DEFAULT	kˈɑnsɔɹt	consort_nou	'kɑːnˌsɔːɹt	0	
consort	VERB	kənsˈɔɹt	consort_vrb	kən'sɔːɹt	0	
construct	DEFAULT	kənstɹˈʌkt	construct_vrb	kən'stɹʌkt	0	
construct	NOUN	kˈɑnstɹˌʌkt	construct_nou	'kɑːnˌstɹʌkt	0	
consummate	ADJ	kˈɑnsəmət	consummate_adj	'kɑːnsəmət	0	
consummate	DEFAULT	kˈɑnsəmˌAt	consummate_vrb	'kɑːnsəˌmeɪt	0	
content	DEFAULT	kəntˈɛnt	content_adj-nou-vrb	kən'tɛnt	0	
content	NOUN	kˈɑntɛnt	content_nou	'kɑːnˌtɛnt	0	
contest	DEFAULT	kˈɑntˌɛst	contest_nou	'kɑːnˌtɛst	0	
contest	VERB	kəntˈɛst	contest_vrb	kən'tɛst	0	
contract	DEFAULT	kˈɑntɹˌækt	contract_nou	'kɑːnˌtɹækt	0	
contract	VERB	kəntɹˈækt	contract_vrb	kən'tɹækt	0	
contrast	DEFAULT	kˈɑntɹˌæst	contrast_nou	'kɑːnˌtɹæst	0	
contrast	VERB	kəntɹˈæst	contrast_vrb	kən'tɹæst	0	
converse	ADJ	kˈɑnvˌɜɹs	converse_adj-nou	'kɑːnvɚs	1	
converse	DEFAULT	kənvˈɜɹs	converse_vrb	kən'vɚs	1	
converse	NOUN	kˈɑnvˌɜɹs	converse_adj-nou	'kɑːnvɚs	1	
convert	DEFAULT	kənvˈɜɹt	convert_vrb	kən'vɚt	1	
convert	NOUN	kˈɑnvˌɜɹt	convert_nou	'kɑːnvɚt	1	
convict	DEFAULT	kənvˈɪkt	convict_vrb	kən'vɪkt	0	
convict	NOUN	kˈɑnvˌɪkt	convict_nou	'kɑːnvəkt	1	
coordinate	DEFAULT	kOˈɔɹdənət	coordinate_adj-nou	ˌkoʊ'ɔːɹdənət	0	
coordinate	VERB	kOˈɔɹdənˌAt	coordinate_vrb	ˌkoʊ'ɔːɹdəˌneɪt	0	
correlate	DEFAULT	kˈɔɹəlˌAt	correlate_nou-vrb	'kɔːɹəˌleɪt	0	
correlate	NOUN	kˈɔɹələt	correlate_nou	'kɔːɹələt	0	
decrease	DEFAULT	dˈikɹˌis	decrease_nou	'diːˌkɹiːs	0	
decrease	VERB	dəkɹˈis	decrease_vrb	də'kɹiːs	0	
defect	DEFAULT	dˈifɛkt	defect_nou	'diːˌfɛkt	0	
defect	VERB	dəfˈɛkt	defect_vrb	də'fɛkt	0	
degenerate	DEFAULT	dəʤˈɛnəɹət	degenerate_adj-nou	də'ʤɛnɚət	0	
degenerate	VERB	dəʤˈɛnəɹˌAt	degenerate_vrb	də'ʤɛnɚˌeɪt	0	
delegate	DEFAULT	dˈɛləɡət	delegate_nou	'dɛləɡət	0	
delegate	VERB	dˈɛləɡˌAt	delegate_vrb	'dɛləˌɡeɪt	0	
deliberate	ADJ	dəlˈɪbəɹət	deliberate_adj	də'lɪbɚət	0	
deliberate	DEFAULT	dəlˈɪbəɹˌAt	deliberate_vrb	də'lɪbɚˌeɪt	0	
desert	DEFAULT	dˈɛzəɹt	desert_nou	'dɛzɚt	0	
desert	VERB	dəzˈɜɹt	desert_vrb	də'zɚt	1	
deviate	ADJ	dˈiviət	deviate_nou	'diːˌviːət	0	
deviate	DEFAULT	dˈiviˌAt	deviate_vrb	'diːˌviːˌeɪt	0	
deviate	NOUN	dˈiviət	deviate_nou	'diːˌviːət	0	
diagnoses	DEFAULT	dˌIəɡnˈOsᵻz	diagnoses_vrb	ˌdaɪəɡ'noʊsəz	0	REVIEWED
diagnoses	NOUN	dˌIəɡnˈOsˌiz	diagnoses_nou	ˌdaɪəɡ'noʊˌsiːz	0	
diffuse	ADJ	dəfjˈus	diffuse_adj	də'fjuːs	0	
diffuse	DEFAULT	dəfjˈuz	diffuse_vrb	də'fjuːz	0	
discard	DEFAULT	dəskˈɑɹd	discard_vrb	dəs'kɑːɹd	0	
discard	NOUN	dˈɪskˌɑɹd	discard_nou	'dɪsˌkɑːɹd	0	
discharge	DEFAULT	dɪsʧˈɑɹʤ	discharge_vrb	dəs'ʧɑːɹʤ	1	
discharge	NOUN	dˈɪsʧˌɑɹʤ	discharge_nou	'dɪsˌʧɑːɹʤ	0	
discount	DEFAULT	dˈɪskˌWnt	discount_nou	'dɪsˌkaʊnt	0	
discount	VERB	dˌɪskˈWnt	discount_vrb	dəs'kaʊnt	1	
document	DEFAULT	dˈɑkjəmənt	document_nou	'dɑːˌkjuːmənt	1	TIE-RESOLVED
document	VERB	dˈɑkjəmˌɛnt	document_vrb	'dɑːkjəˌmɛnt	0	
dove	DEFAULT	dˈʌv	dove	'dʌv	0	
dove	VERB	dˈOv	dove_vrb	'doʊv	0	
duplicate	DEFAULT	dˈupləkət	duplicate_adj-nou	'duːpləkət	0	
duplicate	VERB	dˈupləkˌAt	duplicate_vrb	'duːpləkˌeɪt	0	
elaborate	ADJ	əlˈæbəɹət	elaborate_adj	ə'læbɚət	0	
elaborate	DEFAULT	əlˈæbəɹˌAt	elaborate_vrb	ˌiː'læbɚeɪt	1	
entrance	DEFAULT	ˈɛntɹəns	entrance_nou	'ɛntɹəns	0	
entrance	VERB	ɪntɹˈæns	entrance_vrb	ə'ntɹæns	1	
escort	DEFAULT	ˈɛskˌɔɹt	escort_nou	'ɛsˌkɔːɹt	0	
escort	VERB	ɪskˈɔɹt	escort_vrb	əs'kɔːɹt	1	
estimate	DEFAULT	ˈɛstəmˌAt	estimate_vrb	'ɛstəˌmeɪt	0	
estimate	NOUN	ˈɛstəmət	estimate_nou	'ɛstəmət	0	
excuse	DEFAULT	ɪkskjˈuz	excuse_vrb	ək'skjuːz	1	
excuse	NOUN	ɪkskjˈus	excuse_nou	ək'skjuːs	1	
expatriate	DEFAULT	ɛkspˈAtɹiət	expatriate_nou	ˌɛk'speɪˌtɹiːət	0	
expatriate	VERB	ɛkspˈAtɹiˌAt	expatriate_vrb	ˌɛk'speɪˌtɹiːˌeɪt	0	
exploit	DEFAULT	ɪksplˈYt	exploit_vrb	ək'splɔɪt	1	
exploit	NOUN	ˈɛksplˌYt	exploit_nou	'ɛkˌsplɔɪt	0	
export	ONLY	ˈɛkspˌɔɹt	export_nou	'ɛkˌspɔːɹt	0	
expose	ONLY	ɪkspˈOz	expose_vrb	ək'spoʊz	1	
extract	DEFAULT	ɪkstɹˈækt	extract_vrb	ək'stɹækt	1	
extract	NOUN	ˈɛkstɹˌækt	extract_nou	'ɛkˌstɹækt	0	
fragment	DEFAULT	fɹˈæɡmənt	fragment_nou	'fɹæɡmənt	0	
fragment	VERB	fɹˈæɡmˌɛnt	fragment_vrb	ˌfɹæɡ'mɛnt	0	REVIEWED
frequent	DEFAULT	fɹˈikwənt	frequent_adj	'fɹiːkwənt	0	
frequent	VERB	fɹˈikwənt	frequent_adj	'fɹiːkwənt	0	
graduate	DEFAULT	ɡɹˈæʤəwət	graduate_adj-nou	'ɡɹæˌʤuːət	2	
graduate	VERB	ɡɹˈæʤʊˌAt	graduate_vrb	'ɡɹæˌʤuːˌeɪt	1	
house	DEFAULT	hˈWs	house_nou	'haʊs	0	
house	VERB	hˈWz	house_vrb	'haʊz	0	
impact	ONLY	ˈɪmpˌækt	impact_nou	'ɪmˌpækt	0	
implant	DEFAULT	ɪmplˈænt	implant_vrb	əm'plænt	1	
implant	NOUN	ˈɪmplˌænt	implant_nou	'ɪmˌplænt	0	
implement	DEFAULT	ˈɪmpləmənt	implement_nou	'ɪmpləmənt	0	
implement	VERB	ˈɪmpləmˌɛnt	implement_vrb	'ɪmpləˌmɛnt	0	
import	DEFAULT	ɪmpˈɔɹt	import_vrb	əm'pɔːɹt	1	
import	NOUN	ˈɪmpˌɔɹt	import_nou	'ɪmˌpɔːɹt	0	
incense	DEFAULT	ˈɪnsˌɛns	incense_nou	'ɪnˌsɛns	0	
incense	VERB	ɪnsˈɛns	incense_vrb	ən'sɛns	1	
incline	DEFAULT	ɪnklˈIn	incline_vrb	ən'klaɪn	1	
incline	NOUN	ˈɪnklˌIn	incline_nou	'ɪnˌklaɪn	0	
increase	DEFAULT	ɪnkɹˈis	increase_vrb	ən'kɹiːs	1	
increase	NOUN	ˈɪnkɹˌis	increase_nou	'ɪnˌkɹiːs	0	
increment	ONLY	ˈɪŋkɹəmənt	increment_nou	'ɪnkɹəmənt	1	
initiate	DEFAULT	ɪnˈɪʃiət	initiate_nou	ə'nɪˌʃiːət	1	
initiate	VERB	ɪnˈɪʃiˌAt	initiate_vrb	ˌɪ'nɪˌʃiːˌeɪt	0	
insert	DEFAULT	ɪnsˈɜɹt	insert_vrb	ən'sɚt	2	
insert	NOUN	ˈɪnsˌɜɹt	insert_nou	'ɪnsɚt	1	
instrument	ONLY	ˈɪnstɹəmənt	instrument_nou	'ɪnstɹəmənt	0	
insult	DEFAULT	ˈɪnsˌʌlt	insult_nou	'ɪnˌsʌlt	0	
insult	VERB	ɪnsˈʌlt	insult_vrb	ˌɪn'sʌlt	0	
interchange	DEFAULT	ˌɪntəɹʧˈAnʤ	interchange_vrb	ˌɪntɚ'ʧeɪnʤ	0	
interchange	NOUN	ˈɪntəɹʧˌAnʤ	interchange_nou	'ɪntɚˌʧeɪnʤ	0	
intimate	DEFAULT	ˈɪntəmət	intimate_adj	'ɪntəmət	0	
intimate	VERB	ˈɪntəmˌAt	intimate_vrb	'ɪntəˌmeɪt	0	
intrigue	DEFAULT	ɪntɹˈiɡ	intrigue_nou-vrb	ən'tɹiːɡ	1	
intrigue	NOUN	ˈɪntɹˌiɡ	intrigue_nou	'ɪnˌtɹiːɡ	0	
invalid	DEFAULT	ɪnvˈælɪd	invalid_adj	ən'væləd	2	
invalid	NOUN	ˈɪnvəlɪd	invalid_nou	'ɪnvələd	1	
invert	DEFAULT	ɪnvˈɜɹt	invert_vrb	ən'vɚt	2	
invert	NOUN	ˈɪnvˌɜɹt	invert_adj-nou	'ɪnvɚt	1	
invite	DEFAULT	ɪnvˈIt	invite_vrb	ən'vaɪt	1	
invite	NOUN	ˈɪnvˌIt	invite_nou	'ɪnˌvaɪt	0	
isolate	DEFAULT	ˈIsəlˌAt	isolate	'aɪsəˌleɪt	0	
isolate	NOUN	ˈIsələt	isolate_nou	'aɪsələt	0	
jesus	ONLY	ʤˈizəs	jesus	'ʤiːzəs	0	
job	ONLY	ʤˈɑb	job	'ʤɑːb	0	
laminate	DEFAULT	lˈæmənˌAt	laminate_vrb	'læməˌneɪt	0	
laminate	NOUN	lˈæmənət	laminate_nou	'læmənət	0	
lead	ONLY	lˈid	lead_nou-vrb	'liːd	0	
learned	ADJ	lˈɜɹnɪd	learned_adj	'lɚnəd	2	TIE-RESOLVED
learned	DEFAULT	lˈɜɹnd	learned_vrb	'lɚnd	1	
live	DEFAULT	lˈIv	live_adj	'laɪv	0	
live	VERB	lˈɪv	live_vrb	'lɪv	0	
lives	DEFAULT	lˈIvz	lives_nou	'laɪvz	0	
lives	VERB	lˈɪvz	lives_vrb	'lɪvz	0	
mate	ONLY	mˈAt	mate	'meɪt	0	
minute	ADJ	mInˈut	minute_adj	ˌmaɪ'nuːt	0	
minute	DEFAULT	mˈɪnət	minute	'mɪnət	0	
misuse	DEFAULT	mˌɪsjˈuz	misuse_vrb	ˌmɪs'juːz	0	
misuse	NOUN	mˌɪsjˈus	misuse_nou	ˌmɪs'juːs	0	
mobile	ONLY	mˈObᵊl	mobile	'moʊbəl	0	
moderate	DEFAULT	mˈɑdəɹət	moderate_adj-nou	'mɑːdɚət	0	
moderate	VERB	mˈɑdəɹˌAt	moderate_vrb	mɑːdɚ'eɪt	0	REVIEWED
moped	DEFAULT	mˈOpˌɛd	moped_nou	'moʊˌpɛd	0	
moped	VERB	mˈOpt	moped_vrb	'moʊpt	0	
mouth	DEFAULT	mˈWθ	mouth_nou	'maʊθ	0	
mouth	VERB	mˈWð	mouth_vrb	'maʊð	0	
nestle	ONLY	nˈɛsᵊl	nestle_vrb	'nɛsəl	0	
object	DEFAULT	ˈɑbʤəkt	object_nou	'ɑːbʤəkt	0	
object	VERB	əbʤˈɛkt	object_vrb	əb'ʤɛkt	0	
ornament	DEFAULT	ˈɔɹnəmᵊnt	ornament_nou	'ɔːɹnəmənt	0	
ornament	VERB	ˈɔɹnəmɛnt	ornament_vrb	ˌɔɹːnə'mɛnt	0	REVIEWED
overthrow	DEFAULT	ˌOvəɹθɹˈO	overthrow_vrb	ˌoʊvɚ'θɹoʊ	0	
overthrow	NOUN	ˈOvəɹθɹˌO	overthrow_nou	'oʊvɚˌθɹoʊ	0	
pasty	ADJ	pˈAsti	pasty_adj	'peɪˌstiː	0	
pasty	DEFAULT	pˈæsti	pasty_nou	'pæsˌtiː	0	
perfect	DEFAULT	pˈɜɹfəkt	perfect_adj	'pɚfəkt	1	
perfect	VERB	pəɹfˈɛkt	perfect_vrb	pɚ'fɛkt	0	
perfume	ONLY	pˌɜɹfjˈum	perfume_vrb	pɚ'fjuːm	1	
permit	DEFAULT	pˈɜɹmɪt	permit_nou	'pɚmət	2	
permit	VERB	pəɹmˈɪt	permit_vrb	pɚ'mɪt	0	
pervert	DEFAULT	pəɹvˈɜɹt	pervert_vrb	pɚ'vɚt	1	
pervert	NOUN	pˈɜɹvˌɜɹt	pervert_nou	'pɚvɚt	2	
pigment	DEFAULT	pˈɪɡmᵊnt	pigment_nou	'pɪɡmənt	0	
pigment	VERB	pɪɡmˈɛnt	pigment_vrb	pəɡ'mɛnt	1	
polish	ONLY	pˈɑlɪʃ	polish	'pɑːləʃ	1	
postulate	DEFAULT	pˈɑsʧəlˌAt	postulate_vrb	'pɑːsʧəˌleɪt	0	
postulate	NOUN	pˈɑsʧələt	postulate_nou	'pɑːsʧələt	0	
precipitate	DEFAULT	pɹisˈɪpəɾət	precipitate_adj-nou	pɹə'sɪpətət	1	
precipitate	VERB	pɹisˈɪpətˌAt	precipitate_vrb	pɹə'sɪpəˌteɪt	1	
predicate	DEFAULT	pɹˈɛdəkət	predicate_nou	'pɹɛdəkət	0	
predicate	VERB	pɹˈɛdəkˌAt	predicate_vrb	'pɹɛdəˌkeɪt	0	
present	DEFAULT	pɹˈɛzᵊnt	present_adj-nou	'pɹɛzənt	0	
present	VERB	pɹizˈɛnt	present_vrb	ˌpɹiː'zɛnt	0	
produce	DEFAULT	pɹədˈus	produce_vrb	pɹə'duːs	0	
produce	NOUN	pɹˈOdˌus	produce_nou	'pɹoʊˌduːs	0	
progress	DEFAULT	pɹˈɑɡɹəs	progress_nou	'pɹɑːˌɡɹɛs	1	
progress	VERB	pɹəɡɹˈɛs	progress_vrb	pɹə'ɡɹɛs	0	
project	DEFAULT	pɹˈɑʤˌɛkt	project_nou	'pɹɑːˌʤɛkt	0	
project	VERB	pɹəʤˈɛkt	project_vrb	pɹə'ʤɛkt	0	
protest	ONLY	pɹˈOtˌɛst	protest_nou	'pɹoʊˌtɛst	0	
ravel	ONLY	ɹˈævᵊl	ravel_nou	'ɹævəl	0	
read	ADJ	ɹˈɛd	read_past	'ɹɛd	0	
read	DEFAULT	ɹˈid	read_present	'ɹiːd	0	
read	VBD	ɹˈɛd	read_past	'ɹɛd	0	
read	VBN	ɹˈɛd	read_past	'ɹɛd	0	
read	VBP	ɹˈɛd	read_past	'ɹɛd	0	
reading	ONLY	ɹˈidɪŋ	reading_en	'ɹiːdəŋ	1	
rebel	DEFAULT	ɹˈɛbᵊl	rebel_nou	'ɹɛbəl	0	
rebel	VERB	ɹəbˈɛl	rebel_vrb	ɹə'bɛl	0	
record	DEFAULT	ɹˈɛkəɹd	record_nou	'ɹɛkɚd	0	
record	VERB	ɹəkˈɔɹd	record_vrb	ɹə'kɔːɹd	0	
recount	ONLY	ɹikˈWnt	recount_vrb	ˌɹiː'kaʊnt	0	
refund	DEFAULT	ɹəfˈʌnd	refund_vrb	ˌɹɪ'fʌnd	1	
refund	NOUN	ɹˈifˌʌnd	refund_nou	'ɹiːˌfʌnd	0	
refuse	DEFAULT	ɹəfjˈuz	refuse_vrb	ɹə'fjuːz	0	
refuse	NOUN	ɹˈɛfjˌus	refuse_nou	'ɹɛˌfjuːs	0	
reject	DEFAULT	ɹəʤˈɛkt	reject_vrb	ɹə'ʤɛkt	0	
reject	NOUN	ɹˈiʤˌɛkt	reject_nou	'ɹiːˌʤɛkt	0	
rerelease	DEFAULT	ɹˌiɹɪlˈis	rerelease_vrb	ˌɹiːɹə'liːs	1	
rerelease	NOUN	ɹˈiɹɪlˌis	rerelease	'ɹiːɹəˌliːs	1	
resume	ONLY	ɹəzˈum	resume_vrb	ɹə'zuːm	0	
retard	DEFAULT	ɹətˈɑɹd	retard_vrb	ɹə'tɑːɹd	0	
retard	NOUN	ɹˈitɑɹd	retard_nou	'ɹiːˌtɑːɹd	0	
rodeo	ONLY	ɹˈOdiˌO	rodeo	'ɹoʊˌdiːˌoʊ	0	
row	ONLY	ɹˈO	row_1	'ɹoʊ	0	
sake	ONLY	sˈAk	sake	'seɪk	0	
separate	DEFAULT	sˈɛpəɹət	separate_adj	'sɛpɚət	0	
separate	VERB	sˈɛpəɹˌAt	separate_vrb	'sɛpɚˌeɪt	0	
sow	DEFAULT	sˈO	sow	'soʊ	0	
sow	NOUN	sˈW	sow_nou	'saʊ	0	
subject	DEFAULT	sˈʌbʤɛkt	subject_adj-nou	'sʌbˌʤɛkt	0	
subject	VERB	səbʤˈɛkt	subject_vrb	səb'ʤɛkt	0	
subordinate	DEFAULT	səbˈɔɹdənət	subordinate_adj-nou	sə'bɔːɹdənət	0	
subordinate	VERB	səbˈɔɹdnˌAt	subordinate_vrb	sə'bɔːɹdəˌneɪt	1	
supplement	DEFAULT	sˈʌpləmənt	supplement_nou	'sʌpləmənt	0	
supplement	VERB	sˈʌpləmˌɛnt	supplement_vrb	'sʌpləˌmɛnt	0	
suspect	DEFAULT	sˈʌspˌɛkt	suspect_adj-nou	'sʌsˌpɛkt	0	
suspect	VERB	səspˈɛkt	suspect_vrb	səs'pɛkt	0	
syndicate	DEFAULT	sˈɪndəkˌAt	syndicate_vrb	'sɪndəˌkeɪt	0	
syndicate	NOUN	sˈɪndəkət	syndicate_nou	'sɪndəkət	0	
tear	DEFAULT	tˈɪɹ	tear_nou	'tiːɹ	1	TIE-RESOLVED
tear	VERB	tˈɛɹ	tear_vrb	'tɛɹ	0	
transform	DEFAULT	tɹænsfˈɔɹm	transform	ˌtɹæns'fɔːɹm	0	
transform	NOUN	tɹˈænsfˌɔɹm	transform_nou	'tɹænsˌfɔːɹm	0	
transplant	DEFAULT	tɹænsplˈænt	transplant_vrb	ˌtɹæns'plænt	0	
transplant	NOUN	tɹˈænsplˌænt	transplant_nou	'tɹænsˌplænt	0	
transport	DEFAULT	tɹˈænspˌɔɹt	transport_nou	'tɹænsˌpɔːɹt	0	
transport	VERB	tɹænspˈɔɹt	transport_vrb	ˌtɹæns'pɔːɹt	0	
upset	DEFAULT	ˌʌpsˈɛt	upset_vrb	ˌʌp'sɛt	0	
upset	NOUN	ˈʌpsˌɛt	upset_nou	'ʌpˌsɛt	0	
use	DEFAULT	jˈuz	use_vrb	'juːz	0	
use	NOUN	jˈus	use_nou	'juːs	0	
uses	DEFAULT	jˈuzᵻz	uses_vrb	'juːzəz	1	
uses	NOUN	jˈusᵻz	uses_nou	'juːsəz	1	
wind	DEFAULT	wˈɪnd	wind_nou	'wɪnd	0	
wind	VERB	wˈInd	wind_vrb	'waɪnd	0	
winds	DEFAULT	wˈɪndz	winds_nou	'wɪndz	0	
winds	VERB	wˈIndz	winds_vrb	'waɪndz	0	
wound	DEFAULT	wˈund	wound_nou-vrb	'wuːnd	0	
wound	VBD	wˈWnd	wound_vrb	'waʊnd	0	
wound	VBN	wˈWnd	wound_vrb	'waʊnd	0	
wound	VBP	wˈWnd	wound_vrb	'waʊnd	0	
