homograph	n	correct
abstract	10	10
abuse	10	10
abuses	10	10
addict	10	10
advocate	10	10
affect	10	10
affiliate	10	10
aged	10	9
aggregate	10	10
alternate	10	10
analyses	10	10
animate	9	9
appropriate	10	10
approximate	10	9
articulate	10	10
associate	10	10
attribute	10	9
august	10	0
axes	10	4
bass	10	0
blessed	10	7
bologna	10	10
bow	10	4
buffet	10	10
celtic	10	8
close	10	10
combine	10	10
compact	10	10
compound	10	10
compress	10	10
conduct	10	10
confines	10	6
conflict	10	10
conglomerate	10	10
conjugate	10	10
conscript	10	10
console	10	10
consort	10	10
construct	10	10
consummate	10	10
content	10	9
contest	10	10
contract	10	10
contrast	10	10
converse	10	10
convert	10	10
convict	10	10
coordinate	10	10
correlate	10	8
decrease	10	7
defect	10	10
degenerate	10	9
delegate	10	10
deliberate	10	9
desert	10	10
deviate	10	9
diagnoses	10	10
diffuse	10	4
discard	10	9
discharge	10	10
discount	10	10
document	10	10
dove	6	6
duplicate	10	10
elaborate	10	10
entrance	10	10
escort	10	10
estimate	10	10
excuse	10	9
expatriate	10	10
exploit	10	10
export	10	9
expose	10	8
extract	10	9
fragment	10	10
frequent	10	9
graduate	10	10
house	10	10
impact	10	9
implant	10	4
implement	10	10
import	10	10
incense	10	10
incline	10	10
increase	10	10
increment	10	9
initiate	10	10
insert	10	7
instrument	10	10
insult	10	10
interchange	10	10
intimate	10	10
intrigue	10	10
invalid	10	9
invert	10	8
invite	10	10
isolate	10	9
jesus	10	10
job	10	10
laminate	10	8
lead	11	8
learned	10	10
live	10	10
lives	10	10
mate	10	10
minute	10	9
misuse	10	10
mobile	10	10
moderate	10	9
moped	9	5
mouth	10	10
nestle	9	0
object	10	10
ornament	10	10
overthrow	10	10
pasty	9	7
perfect	10	10
perfume	10	1
permit	10	10
pervert	10	10
pigment	10	10
polish	10	0
postulate	10	10
precipitate	10	10
predicate	10	10
present	10	10
produce	10	10
progress	10	10
project	10	10
protest	10	10
ravel	10	1
read	13	9
reading	10	8
rebel	10	9
record	10	10
recount	10	3
refund	10	10
refuse	10	9
reject	10	9
rerelease	10	8
resume	10	10
retard	9	7
rodeo	10	10
row	10	10
sake	10	7
separate	10	9
sow	10	9
subject	10	10
subordinate	10	10
supplement	10	10
suspect	10	10
syndicate	10	10
tear	10	4
transform	10	9
transplant	10	10
transport	10	10
upset	10	4
use	10	10
uses	10	10
wind	10	10
winds	10	10
wound	10	7
