homograph	type	n	A	B	C	SmaOnly	BWide
abstract	PoS	10	10	10	10	10	10
abuse	PoS	10	9	9	9	9	9
abuses	PoS	10	9	9	9	9	9
addict	PoS	10	10	10	10	10	10
advocate	PoS	10	7	7	7	7	7
affect	PSI	10	10	10	10	10	10
affiliate	PoS	10	10	10	10	10	10
aged	PSI	10	9	9	9	9	9
aggregate	PoS	10	9	9	9	9	9
alternate	PoS	10	10	10	10	10	10
analyses	PoS	10	10	10	10	10	10
animate	PoS	9	8	8	8	8	9
appropriate	NSO	10	10	10	10	10	10
approximate	PoS	10	10	10	10	10	10
articulate	PoS	10	6	10	10	7	10
associate	PoS/PSI	10	7	8	8	7	8
attribute	PoS	10	1	5	6	4	6
august	NSO (etymology)	10	10	10	10	10	10
axes	NSO	10	4	6	7	5	8
bass	NSO	10	10	10	10	10	10
blessed	PoS	10	7	9	9	6	8
bologna	NSO (etymology)	10	10	10	10	10	10
bow	NSO	10	6	5	5	6	3
buffet	NSO	10	10	10	10	10	10
celtic	NSO (etymology)	10	8	8	8	8	8
close	NSO/PSI	10	9	9	9	9	9
combine	NSO (etymology)	10	9	9	9	9	9
compact	PoS	10	10	10	10	10	10
compound	PoS	10	10	10	10	10	10
compress	PSI	10	9	9	9	9	9
conduct	PoS	10	3	9	9	4	9
confines	PoS	10	4	6	6	4	6
conflict	PoS	10	10	10	10	10	10
conglomerate	PoS	10	9	9	9	9	9
conjugate	PoS	10	9	9	9	9	9
conscript	PoS	10	9	10	10	9	10
console	NSO	10	10	10	10	10	10
consort	NSO	10	10	10	10	10	10
construct	PSI	10	9	9	9	9	9
consummate	PoS/PSI	10	2	10	10	3	10
content	NSO	10	7	7	7	7	7
contest	PoS	10	7	7	7	7	7
contract	NSO/PoS	10	10	10	10	10	10
contrast	PoS	10	10	10	10	10	10
converse	NSO	10	5	10	10	5	10
convert	PSI	10	8	8	8	8	8
convict	PoS	10	8	9	9	8	9
coordinate	PSI	10	2	9	10	5	9
correlate	PoS	10	7	8	8	7	8
decrease	PoS	10	5	9	9	6	9
defect	NSO	10	10	10	10	10	10
degenerate	PoS	10	9	10	10	9	10
delegate	PoS	10	10	10	10	10	10
deliberate	PoS	10	9	9	9	9	9
desert	PSI	10	10	10	10	10	10
deviate	PSI	10	10	10	10	10	10
diagnoses	PoS	10	8	9	9	8	8
diffuse	PoS	10	7	10	10	7	10
discard	PoS	10	7	9	9	7	8
discharge	PoS	10	9	10	10	9	10
discount	PoS	10	10	10	10	10	10
document	PoS	10	9	10	10	9	10
dove	NSO	6	5	5	5	5	5
duplicate	PoS	10	6	9	9	6	9
elaborate	PoS	10	10	10	10	10	10
entrance	NSO	10	10	10	10	10	10
escort	PoS	10	7	9	9	7	9
estimate	PoS	10	10	10	10	10	10
excuse	PoS/PSI	10	7	7	7	7	7
expatriate	PoS	10	10	10	10	10	10
exploit	NSO	10	9	10	10	9	10
export	PoS	10	9	10	9	9	10
expose	PSI	10	8	8	8	8	8
extract	PoS	10	5	10	10	6	10
fragment	PoS	10	10	10	10	10	10
frequent	PSI	10	9	10	9	9	10
graduate	PoS/PSI	10	8	8	8	8	8
house	PoS/PSI	10	10	10	10	10	10
impact	PoS	10	9	9	9	9	9
implant	PoS/PSI	10	9	9	9	9	9
implement	PSI	10	9	9	9	9	9
import	PoS	10	7	8	8	7	8
incense	PoS/PSI	10	10	10	10	10	10
incline	PSI	10	9	9	9	9	9
increase	PoS	10	5	9	9	5	9
increment	PoS	10	9	9	9	9	9
initiate	PSI	10	8	9	9	8	8
insert	PoS	10	5	9	8	4	8
instrument	PSI	10	10	10	10	10	10
insult	PoS	10	8	9	9	8	9
interchange	PoS/PSI	10	10	10	10	10	10
intimate	PSI	10	10	10	10	10	10
intrigue	PoS	10	9	9	9	9	9
invalid	PSI	10	9	8	8	9	8
invert	PSI	10	6	7	7	6	8
invite	PoS	10	8	9	9	8	9
isolate	PoS	10	9	10	10	9	10
jesus	NSO (etymology)	10	10	10	10	10	10
job	NSO	10	10	10	10	10	10
laminate	PoS	10	9	9	9	9	9
lead	NSO	11	8	9	9	8	9
learned	PoS	10	10	10	10	10	10
live	PoS/PSI	10	6	9	9	6	7
lives	PoS	10	7	10	10	7	10
mate	NSO	10	10	10	10	10	10
minute	NSO	10	9	9	9	9	9
misuse	PoS	10	10	10	10	10	10
mobile	NSO	10	10	10	10	10	10
moderate	PoS/PSI	10	10	10	10	10	10
moped	NSO	9	9	9	9	9	9
mouth	PSI	10	10	10	10	10	10
nestle	NSO	9	9	9	9	9	9
object	NSO	10	10	10	10	10	10
ornament	PoS/PSI	10	10	10	10	10	10
overthrow	PoS	10	4	9	9	6	9
pasty	NSO	9	7	7	7	7	7
perfect	PoS	10	10	10	10	10	10
perfume	PoS	10	9	9	9	9	9
permit	PoS	10	5	9	9	5	10
pervert	PSI	10	7	10	10	7	9
pigment	PoS	10	10	10	10	10	10
polish	NSO	10	10	10	10	10	10
postulate	PoS	10	5	7	7	5	7
precipitate	PoS/PSI	10	9	8	8	7	8
predicate	PoS/PSI	10	10	10	10	10	10
present	PoS/PSI	10	8	8	8	8	8
produce	PoS/PSI	10	8	8	8	8	8
progress	PoS/PSI	10	7	8	8	7	7
project	PoS/PSI	10	10	10	10	10	10
protest	PoS/PSI	10	10	10	10	10	10
ravel	NSO	10	9	9	9	9	9
read	M	13	6	9	9	8	10
reading	NSO	10	8	8	8	8	8
rebel	PoS	10	9	9	9	9	9
record	PoS	10	10	10	10	10	10
recount	NSO	10	7	9	9	7	8
refund	PoS	10	7	9	9	7	9
refuse	PSI	10	8	8	8	8	8
reject	PoS	10	10	10	10	10	10
rerelease	PoS	10	9	9	9	9	9
resume	NSO	10	10	10	10	10	10
retard	PSI	9	8	9	9	8	9
rodeo	NSO (loan word vs proper name)	10	10	10	10	10	10
row	NSO	10	10	10	10	10	10
sake	NSO	10	7	7	7	7	7
separate	PoS	10	9	9	9	9	9
sow	NSO	10	8	8	7	5	6
subject	PoS/PSI	10	10	10	10	10	10
subordinate	PoS	10	10	10	10	10	10
supplement	PoS/PSI	10	6	10	10	6	10
suspect	PoS	10	9	10	10	9	10
syndicate	PoS	10	10	10	10	10	10
tear	NSO	10	9	8	8	9	8
transform	PoS	10	8	9	9	8	9
transplant	PoS	10	9	9	9	9	9
transport	PoS	10	9	9	9	9	9
upset	PoS	10	7	7	7	7	6
use	PoS/PSI	10	4	8	8	5	9
uses	PoS	10	9	10	10	9	10
wind	NSO	10	10	10	10	10	10
winds	NSO	10	10	10	10	10	10
wound	NSO	10	5	4	4	5	4
