step	move	outcome	parse	rev	relation	rules
1	+V:the	worse	4	0	353	1
1	+P:the	worse	0	0	412	1
1	+V:of	improves	0	0	347	1
1	+P:of	worse	0	0	383	1
1	+V:and	worse	3	0	353	1
1	+P:and	worse	0	0	375	1
1	+V:in	worse	2	0	352	1
1	+P:in	worse	0	0	373	1
1	+V:to	worse	1	0	353	1
1	+P:to	worse	0	0	371	1
1	+V:a	worse	2	0	353	1
1	+P:a	worse	0	0	370	1
1	+V:be	worse	0	0	354	1
1	+P:be	worse	0	0	364	1
1	+V:for	worse	0	0	353	1
1	+P:for	worse	0	0	362	1
1	+V:he	worse	0	0	353	1
1	+P:he	worse	0	0	358	1
1	+V:that	improves	0	0	352	1
1	+P:that	worse	0	0	359	1
1	+V:with	worse	0	0	353	1
1	+P:with	worse	0	0	362	1
1	+V:an	worse	0	0	354	1
1	+P:an	worse	0	0	361	1
1	+V:by	worse	0	0	353	1
1	+P:by	worse	0	0	362	1
1	+V:has	worse	2	0	348	1
1	+P:has	worse	0	0	357	1
1	+V:they	worse	0	0	353	1
1	+P:they	worse	0	0	357	1
1	+S:s	worse	2	0	341	1
1	+S:es	worse	1	0	346	1
1	+S:ed	worse	2	0	314	1
1	+S:ing	worse	5	0	349	1
1	+S:ize	improves	0	0	352	1
1	+S:ate	worse	0	0	353	1
1	+S:en	improves	0	0	352	1
1	+V:of	KEPT	0	0	347	1
2	+V:the	worse	4	0	347	2
2	+P:the	worse	0	0	390	2
2	+P:of	worse	0	0	354	2
2	+V:and	worse	3	0	347	2
2	+P:and	worse	0	0	368	2
2	+V:in	worse	2	0	346	2
2	+P:in	worse	0	0	364	2
2	+V:to	worse	1	0	347	2
2	+P:to	worse	0	0	363	2
2	+V:a	worse	2	0	348	2
2	+P:a	worse	0	0	360	2
2	+V:be	worse	0	0	348	2
2	+P:be	worse	0	0	358	2
2	+V:for	worse	0	0	347	2
2	+P:for	worse	0	0	356	2
2	+V:he	worse	0	0	347	2
2	+P:he	worse	0	0	350	2
2	+V:that	improves	0	0	346	2
2	+P:that	worse	0	0	353	2
2	+V:with	worse	0	0	347	2
2	+P:with	worse	0	0	356	2
2	+V:an	worse	0	0	348	2
2	+P:an	worse	0	0	354	2
2	+V:by	worse	0	0	347	2
2	+P:by	worse	0	0	354	2
2	+V:has	worse	1	0	343	2
2	+P:has	worse	0	0	351	2
2	+V:they	worse	0	0	347	2
2	+P:they	worse	0	0	350	2
2	+S:s	worse	2	0	335	2
2	+S:es	worse	1	0	341	2
2	+S:ed	worse	2	0	310	2
2	+S:ing	worse	5	0	346	2
2	+S:ize	improves	0	0	346	2
2	+S:ate	worse	0	0	347	2
2	+S:en	improves	0	0	346	2
2	+V:that	KEPT	0	0	346	2
3	+V:the	worse	4	0	346	3
3	+P:the	worse	0	0	386	3
3	+P:of	worse	0	0	353	3
3	+V:and	worse	3	0	346	3
3	+P:and	worse	0	0	367	3
3	+V:in	worse	2	0	345	3
3	+P:in	worse	0	0	361	3
3	+V:to	worse	1	0	346	3
3	+P:to	worse	0	0	361	3
3	+V:a	worse	2	0	347	3
3	+P:a	worse	0	0	358	3
3	+V:be	worse	0	0	347	3
3	+P:be	worse	0	0	357	3
3	+V:for	worse	0	0	346	3
3	+P:for	worse	0	0	355	3
3	+V:he	worse	0	0	346	3
3	+P:he	worse	0	0	349	3
3	+P:that	worse	0	0	346	3
3	+V:with	worse	0	0	346	3
3	+P:with	worse	0	0	354	3
3	+V:an	worse	0	0	347	3
3	+P:an	worse	0	0	352	3
3	+V:by	worse	0	0	346	3
3	+P:by	worse	0	0	353	3
3	+V:has	worse	1	0	343	3
3	+P:has	worse	0	0	350	3
3	+V:they	worse	0	0	346	3
3	+P:they	worse	0	0	349	3
3	+S:s	worse	2	0	334	3
3	+S:es	worse	1	0	340	3
3	+S:ed	worse	2	0	309	3
3	+S:ing	worse	4	0	346	3
3	+S:ize	improves	0	0	345	3
3	+S:ate	worse	0	0	346	3
3	+S:en	improves	0	0	345	3
3	-V:of	worse	0	0	352	1
3	+S:ize	KEPT	0	0	345	3
4	+V:the	worse	4	0	345	4
4	+P:the	worse	0	0	385	4
4	+P:of	worse	0	0	352	4
4	+V:and	worse	2	0	345	4
4	+P:and	worse	0	0	366	4
4	+V:in	worse	2	0	344	4
4	+P:in	worse	0	0	360	4
4	+V:to	worse	1	0	345	4
4	+P:to	worse	0	0	360	4
4	+V:a	worse	2	0	346	4
